"fn","n","p","replicate","seed","seconds","error"
"SurvivalBART",100,100,1,102126,0.112345933914185,NA
"SurvivalDART",100,100,1,102126,0.105607032775879,NA
"HorseTrees",100,100,1,102126,0.170271873474121,NA
"BART::mc.abart",100,100,1,102126,0.61621904373169,NA
"SurvivalBART",100,100,2,202126,0.113152980804443,NA
"SurvivalDART",100,100,2,202126,0.111147165298462,NA
"HorseTrees",100,100,2,202126,0.157315015792847,NA
"BART::mc.abart",100,100,2,202126,0.529863119125366,NA
"SurvivalBART",100,100,3,302126,0.112071990966797,NA
"SurvivalDART",100,100,3,302126,0.111660957336426,NA
"HorseTrees",100,100,3,302126,0.136976003646851,NA
"BART::mc.abart",100,100,3,302126,0.449006080627441,NA
"SurvivalBART",100,100,4,402126,0.135639190673828,NA
"SurvivalDART",100,100,4,402126,0.113791942596436,NA
"HorseTrees",100,100,4,402126,0.147058010101318,NA
"BART::mc.abart",100,100,4,402126,0.479963064193726,NA
"SurvivalBART",100,100,5,502126,0.121227025985718,NA
"SurvivalDART",100,100,5,502126,0.116910934448242,NA
"HorseTrees",100,100,5,502126,0.148123025894165,NA
"BART::mc.abart",100,100,5,502126,0.496155023574829,NA
"SurvivalBART",100,100,6,602126,0.117326021194458,NA
"SurvivalDART",100,100,6,602126,0.122781991958618,NA
"HorseTrees",100,100,6,602126,0.150429010391235,NA
"BART::mc.abart",100,100,6,602126,0.507249116897583,NA
"SurvivalBART",100,100,7,702126,0.118261098861694,NA
"SurvivalDART",100,100,7,702126,0.114372968673706,NA
"HorseTrees",100,100,7,702126,0.145446062088013,NA
"BART::mc.abart",100,100,7,702126,0.520867109298706,NA
"SurvivalBART",100,100,8,802126,0.134294986724854,NA
"SurvivalDART",100,100,8,802126,0.140528917312622,NA
"HorseTrees",100,100,8,802126,0.190661191940308,NA
"BART::mc.abart",100,100,8,802126,0.626139879226685,NA
"SurvivalBART",100,100,9,902126,0.121864080429077,NA
"SurvivalDART",100,100,9,902126,0.122262001037598,NA
"HorseTrees",100,100,9,902126,0.147677898406982,NA
"BART::mc.abart",100,100,9,902126,0.636508941650391,NA
"SurvivalBART",100,100,10,1002126,0.145236968994141,NA
"SurvivalDART",100,100,10,1002126,0.132174968719482,NA
"HorseTrees",100,100,10,1002126,0.152818918228149,NA
"BART::mc.abart",100,100,10,1002126,0.639245986938477,NA
"SurvivalBART",100,100,11,1102126,0.119724988937378,NA
"SurvivalDART",100,100,11,1102126,0.128116130828857,NA
"HorseTrees",100,100,11,1102126,0.149350881576538,NA
"BART::mc.abart",100,100,11,1102126,0.586683988571167,NA
"SurvivalBART",100,100,12,1202126,0.117542028427124,NA
"SurvivalDART",100,100,12,1202126,0.119695901870728,NA
"HorseTrees",100,100,12,1202126,0.151918172836304,NA
"BART::mc.abart",100,100,12,1202126,0.591402053833008,NA
"SurvivalBART",100,100,13,1302126,0.124075889587402,NA
"SurvivalDART",100,100,13,1302126,0.118952989578247,NA
"HorseTrees",100,100,13,1302126,0.148880004882812,NA
"BART::mc.abart",100,100,13,1302126,0.578284025192261,NA
"SurvivalBART",100,100,14,1402126,0.121444940567017,NA
"SurvivalDART",100,100,14,1402126,0.12087893486023,NA
"HorseTrees",100,100,14,1402126,0.15175199508667,NA
"BART::mc.abart",100,100,14,1402126,0.609035015106201,NA
"SurvivalBART",100,100,15,1502126,0.120378017425537,NA
"SurvivalDART",100,100,15,1502126,0.121859073638916,NA
"HorseTrees",100,100,15,1502126,0.15180492401123,NA
"BART::mc.abart",100,100,15,1502126,0.658920049667358,NA
"SurvivalBART",100,100,16,1602126,0.121943950653076,NA
"SurvivalDART",100,100,16,1602126,0.119951009750366,NA
"HorseTrees",100,100,16,1602126,0.150463104248047,NA
"BART::mc.abart",100,100,16,1602126,0.667340993881226,NA
"SurvivalBART",100,100,17,1702126,0.118435859680176,NA
"SurvivalDART",100,100,17,1702126,0.118635892868042,NA
"HorseTrees",100,100,17,1702126,0.150876045227051,NA
"BART::mc.abart",100,100,17,1702126,0.642006874084473,NA
"SurvivalBART",100,100,18,1802126,0.126373052597046,NA
"SurvivalDART",100,100,18,1802126,0.121762990951538,NA
"HorseTrees",100,100,18,1802126,0.149052858352661,NA
"BART::mc.abart",100,100,18,1802126,0.674290895462036,NA
"SurvivalBART",100,100,19,1902126,0.121179103851318,NA
"SurvivalDART",100,100,19,1902126,0.119760990142822,NA
"HorseTrees",100,100,19,1902126,0.150089025497437,NA
"BART::mc.abart",100,100,19,1902126,0.671714067459106,NA
"SurvivalBART",100,100,20,2002126,0.124748229980469,NA
"SurvivalDART",100,100,20,2002126,0.117061853408813,NA
"HorseTrees",100,100,20,2002126,0.157109022140503,NA
"BART::mc.abart",100,100,20,2002126,0.643583059310913,NA
"SurvivalBART",100,100,21,2102126,0.118832111358643,NA
"SurvivalDART",100,100,21,2102126,0.11996603012085,NA
"HorseTrees",100,100,21,2102126,0.151038885116577,NA
"BART::mc.abart",100,100,21,2102126,0.667891025543213,NA
"SurvivalBART",100,100,22,2202126,0.120081186294556,NA
"SurvivalDART",100,100,22,2202126,0.117928981781006,NA
"HorseTrees",100,100,22,2202126,0.150054931640625,NA
"BART::mc.abart",100,100,22,2202126,0.671277046203613,NA
"SurvivalBART",100,100,23,2302126,0.122109889984131,NA
"SurvivalDART",100,100,23,2302126,0.119009017944336,NA
"HorseTrees",100,100,23,2302126,0.159026861190796,NA
"BART::mc.abart",100,100,23,2302126,0.721368074417114,NA
"SurvivalBART",100,100,24,2402126,0.11577582359314,NA
"SurvivalDART",100,100,24,2402126,0.114982843399048,NA
"HorseTrees",100,100,24,2402126,0.146183013916016,NA
"BART::mc.abart",100,100,24,2402126,0.693723917007446,NA
"SurvivalBART",100,100,25,2502126,0.14340090751648,NA
"SurvivalDART",100,100,25,2502126,0.115142107009888,NA
"HorseTrees",100,100,25,2502126,0.149230003356934,NA
"BART::mc.abart",100,100,25,2502126,0.681624889373779,NA
"SurvivalBART",100,100,26,2602126,0.121351003646851,NA
"SurvivalDART",100,100,26,2602126,0.128442049026489,NA
"HorseTrees",100,100,26,2602126,0.179144144058228,NA
"BART::mc.abart",100,100,26,2602126,0.686289072036743,NA
"SurvivalBART",100,100,27,2702126,0.130187034606934,NA
"SurvivalDART",100,100,27,2702126,0.138678073883057,NA
"HorseTrees",100,100,27,2702126,0.18402099609375,NA
"BART::mc.abart",100,100,27,2702126,0.709632873535156,NA
"SurvivalBART",100,100,28,2802126,0.190829038619995,NA
"SurvivalDART",100,100,28,2802126,0.20035719871521,NA
"HorseTrees",100,100,28,2802126,0.278629064559937,NA
"BART::mc.abart",100,100,28,2802126,0.995439052581787,NA
"SurvivalBART",100,100,29,2902126,0.194463968276978,NA
"SurvivalDART",100,100,29,2902126,0.205766201019287,NA
"HorseTrees",100,100,29,2902126,0.25396990776062,NA
"BART::mc.abart",100,100,29,2902126,0.70560097694397,NA
"SurvivalBART",100,100,30,3002126,0.154989957809448,NA
"SurvivalDART",100,100,30,3002126,0.168063879013062,NA
"HorseTrees",100,100,30,3002126,0.218533039093018,NA
"BART::mc.abart",100,100,30,3002126,0.693387031555176,NA
"SurvivalBART",100,100,31,3102126,0.170629024505615,NA
"SurvivalDART",100,100,31,3102126,0.175618171691895,NA
"HorseTrees",100,100,31,3102126,0.219659090042114,NA
"BART::mc.abart",100,100,31,3102126,0.693464994430542,NA
"SurvivalBART",100,100,32,3202126,0.174201011657715,NA
"SurvivalDART",100,100,32,3202126,0.175768136978149,NA
"HorseTrees",100,100,32,3202126,0.224778175354004,NA
"BART::mc.abart",100,100,32,3202126,0.662507772445679,NA
"SurvivalBART",100,100,33,3302126,0.152321100234985,NA
"SurvivalDART",100,100,33,3302126,0.157388925552368,NA
"HorseTrees",100,100,33,3302126,0.211604833602905,NA
"BART::mc.abart",100,100,33,3302126,0.680997848510742,NA
"SurvivalBART",100,100,34,3402126,0.173954963684082,NA
"SurvivalDART",100,100,34,3402126,0.170054197311401,NA
"HorseTrees",100,100,34,3402126,0.224711894989014,NA
"BART::mc.abart",100,100,34,3402126,0.724563121795654,NA
"SurvivalBART",100,100,35,3502126,0.172368049621582,NA
"SurvivalDART",100,100,35,3502126,0.177211046218872,NA
"HorseTrees",100,100,35,3502126,0.233728885650635,NA
"BART::mc.abart",100,100,35,3502126,0.810805797576904,NA
"SurvivalBART",100,100,36,3602126,0.184869050979614,NA
"SurvivalDART",100,100,36,3602126,0.167137861251831,NA
"HorseTrees",100,100,36,3602126,0.215437173843384,NA
"BART::mc.abart",100,100,36,3602126,0.669498920440674,NA
"SurvivalBART",100,100,37,3702126,0.169481039047241,NA
"SurvivalDART",100,100,37,3702126,0.177232980728149,NA
"HorseTrees",100,100,37,3702126,0.219780921936035,NA
"BART::mc.abart",100,100,37,3702126,0.670429944992065,NA
"SurvivalBART",100,100,38,3802126,0.168162822723389,NA
"SurvivalDART",100,100,38,3802126,0.171396017074585,NA
"HorseTrees",100,100,38,3802126,0.221534967422485,NA
"BART::mc.abart",100,100,38,3802126,0.662018060684204,NA
"SurvivalBART",100,100,39,3902126,0.169744968414307,NA
"SurvivalDART",100,100,39,3902126,0.155913829803467,NA
"HorseTrees",100,100,39,3902126,0.238108158111572,NA
"BART::mc.abart",100,100,39,3902126,0.832981109619141,NA
"SurvivalBART",100,100,40,4002126,0.202246904373169,NA
"SurvivalDART",100,100,40,4002126,0.21277904510498,NA
"HorseTrees",100,100,40,4002126,0.222998857498169,NA
"BART::mc.abart",100,100,40,4002126,0.70815920829773,NA
"SurvivalBART",100,100,41,4102126,0.218276023864746,NA
"SurvivalDART",100,100,41,4102126,0.21157693862915,NA
"HorseTrees",100,100,41,4102126,0.31737494468689,NA
"BART::mc.abart",100,100,41,4102126,0.738314867019653,NA
"SurvivalBART",100,100,42,4202126,0.157042980194092,NA
"SurvivalDART",100,100,42,4202126,0.159301996231079,NA
"HorseTrees",100,100,42,4202126,0.199504137039185,NA
"BART::mc.abart",100,100,42,4202126,0.628254890441895,NA
"SurvivalBART",100,100,43,4302126,0.166139841079712,NA
"SurvivalDART",100,100,43,4302126,0.174722909927368,NA
"HorseTrees",100,100,43,4302126,0.210779905319214,NA
"BART::mc.abart",100,100,43,4302126,0.646908044815063,NA
"SurvivalBART",100,100,44,4402126,0.159687042236328,NA
"SurvivalDART",100,100,44,4402126,0.165260076522827,NA
"HorseTrees",100,100,44,4402126,0.212326049804688,NA
"BART::mc.abart",100,100,44,4402126,0.666926145553589,NA
"SurvivalBART",100,100,45,4502126,0.160911083221436,NA
"SurvivalDART",100,100,45,4502126,0.157329082489014,NA
"HorseTrees",100,100,45,4502126,0.189489841461182,NA
"BART::mc.abart",100,100,45,4502126,0.640404939651489,NA
"SurvivalBART",100,100,46,4602126,0.155517816543579,NA
"SurvivalDART",100,100,46,4602126,0.160022020339966,NA
"HorseTrees",100,100,46,4602126,0.208216190338135,NA
"BART::mc.abart",100,100,46,4602126,0.639784097671509,NA
"SurvivalBART",100,100,47,4702126,0.159814834594727,NA
"SurvivalDART",100,100,47,4702126,0.163385152816772,NA
"HorseTrees",100,100,47,4702126,0.213460922241211,NA
"BART::mc.abart",100,100,47,4702126,0.641739130020142,NA
"SurvivalBART",100,100,48,4802126,0.153963088989258,NA
"SurvivalDART",100,100,48,4802126,0.157979011535645,NA
"HorseTrees",100,100,48,4802126,0.190194845199585,NA
"BART::mc.abart",100,100,48,4802126,0.603610038757324,NA
"SurvivalBART",100,100,49,4902126,0.157402038574219,NA
"SurvivalDART",100,100,49,4902126,0.161267042160034,NA
"HorseTrees",100,100,49,4902126,0.208234786987305,NA
"BART::mc.abart",100,100,49,4902126,0.641808032989502,NA
"SurvivalBART",100,100,50,5002126,0.16933012008667,NA
"SurvivalDART",100,100,50,5002126,0.166041851043701,NA
"HorseTrees",100,100,50,5002126,0.207950115203857,NA
"BART::mc.abart",100,100,50,5002126,0.651732921600342,NA
"SurvivalBART",100,100,51,5102126,0.162158012390137,NA
"SurvivalDART",100,100,51,5102126,0.165762186050415,NA
"HorseTrees",100,100,51,5102126,0.192235946655273,NA
"BART::mc.abart",100,100,51,5102126,0.636857986450195,NA
"SurvivalBART",100,100,52,5202126,0.158298969268799,NA
"SurvivalDART",100,100,52,5202126,0.161606073379517,NA
"HorseTrees",100,100,52,5202126,0.215580940246582,NA
"BART::mc.abart",100,100,52,5202126,0.659332990646362,NA
"SurvivalBART",100,100,53,5302126,0.161126136779785,NA
"SurvivalDART",100,100,53,5302126,0.161174058914185,NA
"HorseTrees",100,100,53,5302126,0.211300134658813,NA
"BART::mc.abart",100,100,53,5302126,0.634922027587891,NA
"SurvivalBART",100,100,54,5402126,0.159048080444336,NA
"SurvivalDART",100,100,54,5402126,0.169568061828613,NA
"HorseTrees",100,100,54,5402126,0.196993112564087,NA
"BART::mc.abart",100,100,54,5402126,0.587701082229614,NA
"SurvivalBART",100,100,55,5502126,0.155811071395874,NA
"SurvivalDART",100,100,55,5502126,0.160516977310181,NA
"HorseTrees",100,100,55,5502126,0.203096151351929,NA
"BART::mc.abart",100,100,55,5502126,0.641884088516235,NA
"SurvivalBART",100,100,56,5602126,0.161645889282227,NA
"SurvivalDART",100,100,56,5602126,0.162281036376953,NA
"HorseTrees",100,100,56,5602126,0.202247858047485,NA
"BART::mc.abart",100,100,56,5602126,0.651623964309692,NA
"SurvivalBART",100,100,57,5702126,0.162952899932861,NA
"SurvivalDART",100,100,57,5702126,0.179691791534424,NA
"HorseTrees",100,100,57,5702126,0.201799869537354,NA
"BART::mc.abart",100,100,57,5702126,0.644350051879883,NA
"SurvivalBART",100,100,58,5802126,0.15310001373291,NA
"SurvivalDART",100,100,58,5802126,0.160550117492676,NA
"HorseTrees",100,100,58,5802126,0.20421314239502,NA
"BART::mc.abart",100,100,58,5802126,0.65067195892334,NA
"SurvivalBART",100,100,59,5902126,0.159924030303955,NA
"SurvivalDART",100,100,59,5902126,0.161988019943237,NA
"HorseTrees",100,100,59,5902126,0.207958936691284,NA
"BART::mc.abart",100,100,59,5902126,0.639678001403809,NA
"SurvivalBART",100,100,60,6002126,0.162719964981079,NA
"SurvivalDART",100,100,60,6002126,0.165337085723877,NA
"HorseTrees",100,100,60,6002126,0.2157301902771,NA
"BART::mc.abart",100,100,60,6002126,0.599947929382324,NA
"SurvivalBART",100,100,61,6102126,0.140571117401123,NA
"SurvivalDART",100,100,61,6102126,0.153581857681274,NA
"HorseTrees",100,100,61,6102126,0.198311805725098,NA
"BART::mc.abart",100,100,61,6102126,0.639599084854126,NA
"SurvivalBART",100,100,62,6202126,0.156040906906128,NA
"SurvivalDART",100,100,62,6202126,0.16095495223999,NA
"HorseTrees",100,100,62,6202126,0.222226142883301,NA
"BART::mc.abart",100,100,62,6202126,0.769891977310181,NA
"SurvivalBART",100,100,63,6302126,0.17331600189209,NA
"SurvivalDART",100,100,63,6302126,0.184983968734741,NA
"HorseTrees",100,100,63,6302126,0.229265928268433,NA
"BART::mc.abart",100,100,63,6302126,0.974747180938721,NA
"SurvivalBART",100,100,64,6402126,0.205702066421509,NA
"SurvivalDART",100,100,64,6402126,0.184001922607422,NA
"HorseTrees",100,100,64,6402126,0.244759082794189,NA
"BART::mc.abart",100,100,64,6402126,0.819816827774048,NA
"SurvivalBART",100,100,65,6502126,0.228888034820557,NA
"SurvivalDART",100,100,65,6502126,0.208105087280273,NA
"HorseTrees",100,100,65,6502126,0.282840013504028,NA
"BART::mc.abart",100,100,65,6502126,0.82338809967041,NA
"SurvivalBART",100,100,66,6602126,0.206855058670044,NA
"SurvivalDART",100,100,66,6602126,0.207877159118652,NA
"HorseTrees",100,100,66,6602126,0.260610103607178,NA
"BART::mc.abart",100,100,66,6602126,1.11109089851379,NA
"SurvivalBART",100,100,67,6702126,0.237699031829834,NA
"SurvivalDART",100,100,67,6702126,0.262412071228027,NA
"HorseTrees",100,100,67,6702126,0.286446094512939,NA
"BART::mc.abart",100,100,67,6702126,0.741946935653687,NA
"SurvivalBART",100,100,68,6802126,0.184903144836426,NA
"SurvivalDART",100,100,68,6802126,0.215508937835693,NA
"HorseTrees",100,100,68,6802126,0.282242059707642,NA
"BART::mc.abart",100,100,68,6802126,1.0616180896759,NA
"SurvivalBART",100,100,69,6902126,0.244201183319092,NA
"SurvivalDART",100,100,69,6902126,0.242521047592163,NA
"HorseTrees",100,100,69,6902126,0.454514026641846,NA
"BART::mc.abart",100,100,69,6902126,0.851647853851318,NA
"SurvivalBART",100,100,70,7002126,0.165420055389404,NA
"SurvivalDART",100,100,70,7002126,0.174321889877319,NA
"HorseTrees",100,100,70,7002126,0.206679105758667,NA
"BART::mc.abart",100,100,70,7002126,0.648380041122437,NA
"SurvivalBART",100,100,71,7102126,0.161413908004761,NA
"SurvivalDART",100,100,71,7102126,0.159173011779785,NA
"HorseTrees",100,100,71,7102126,0.207841873168945,NA
"BART::mc.abart",100,100,71,7102126,0.641858100891113,NA
"SurvivalBART",100,100,72,7202126,0.161962985992432,NA
"SurvivalDART",100,100,72,7202126,0.164771795272827,NA
"HorseTrees",100,100,72,7202126,0.195744037628174,NA
"BART::mc.abart",100,100,72,7202126,0.650974988937378,NA
"SurvivalBART",100,100,73,7302126,0.140033006668091,NA
"SurvivalDART",100,100,73,7302126,0.143899917602539,NA
"HorseTrees",100,100,73,7302126,0.180021047592163,NA
"BART::mc.abart",100,100,73,7302126,0.624725103378296,NA
"SurvivalBART",100,100,74,7402126,0.14557409286499,NA
"SurvivalDART",100,100,74,7402126,0.155173063278198,NA
"HorseTrees",100,100,74,7402126,0.197451114654541,NA
"BART::mc.abart",100,100,74,7402126,0.629875183105469,NA
"SurvivalBART",100,100,75,7502126,0.152718067169189,NA
"SurvivalDART",100,100,75,7502126,0.157904863357544,NA
"HorseTrees",100,100,75,7502126,0.207038879394531,NA
"BART::mc.abart",100,100,75,7502126,0.629706859588623,NA
"SurvivalBART",100,100,76,7602126,0.157268047332764,NA
"SurvivalDART",100,100,76,7602126,0.160164833068848,NA
"HorseTrees",100,100,76,7602126,0.194278001785278,NA
"BART::mc.abart",100,100,76,7602126,0.683060884475708,NA
"SurvivalBART",100,100,77,7702126,0.167639017105103,NA
"SurvivalDART",100,100,77,7702126,0.169780969619751,NA
"HorseTrees",100,100,77,7702126,0.212778091430664,NA
"BART::mc.abart",100,100,77,7702126,0.76022481918335,NA
"SurvivalBART",100,100,78,7802126,0.154479026794434,NA
"SurvivalDART",100,100,78,7802126,0.164556980133057,NA
"HorseTrees",100,100,78,7802126,0.208128929138184,NA
"BART::mc.abart",100,100,78,7802126,0.662678956985474,NA
"SurvivalBART",100,100,79,7902126,0.183892011642456,NA
"SurvivalDART",100,100,79,7902126,0.157757997512817,NA
"HorseTrees",100,100,79,7902126,0.210186004638672,NA
"BART::mc.abart",100,100,79,7902126,0.598542213439941,NA
"SurvivalBART",100,100,80,8002126,0.160984992980957,NA
"SurvivalDART",100,100,80,8002126,0.16069483757019,NA
"HorseTrees",100,100,80,8002126,0.196869850158691,NA
"BART::mc.abart",100,100,80,8002126,0.62751293182373,NA
"SurvivalBART",100,100,81,8102126,0.157108068466187,NA
"SurvivalDART",100,100,81,8102126,0.16234302520752,NA
"HorseTrees",100,100,81,8102126,0.208421945571899,NA
"BART::mc.abart",100,100,81,8102126,0.62167501449585,NA
"SurvivalBART",100,100,82,8202126,0.161855936050415,NA
"SurvivalDART",100,100,82,8202126,0.160303115844727,NA
"HorseTrees",100,100,82,8202126,0.220698118209839,NA
"BART::mc.abart",100,100,82,8202126,0.91655707359314,NA
"SurvivalBART",100,100,83,8302126,0.164377927780151,NA
"SurvivalDART",100,100,83,8302126,0.164788007736206,NA
"HorseTrees",100,100,83,8302126,0.225786924362183,NA
"BART::mc.abart",100,100,83,8302126,0.705708980560303,NA
"SurvivalBART",100,100,84,8402126,0.160743951797485,NA
"SurvivalDART",100,100,84,8402126,0.169892072677612,NA
"HorseTrees",100,100,84,8402126,0.215556144714355,NA
"BART::mc.abart",100,100,84,8402126,0.644499063491821,NA
"SurvivalBART",100,100,85,8502126,0.163355112075806,NA
"SurvivalDART",100,100,85,8502126,0.165684938430786,NA
"HorseTrees",100,100,85,8502126,0.213459968566895,NA
"BART::mc.abart",100,100,85,8502126,0.614909172058105,NA
"SurvivalBART",100,100,86,8602126,0.16003680229187,NA
"SurvivalDART",100,100,86,8602126,0.159249067306519,NA
"HorseTrees",100,100,86,8602126,0.209994792938232,NA
"BART::mc.abart",100,100,86,8602126,0.663635969161987,NA
"SurvivalBART",100,100,87,8702126,0.16700291633606,NA
"SurvivalDART",100,100,87,8702126,0.159584999084473,NA
"HorseTrees",100,100,87,8702126,0.207673072814941,NA
"BART::mc.abart",100,100,87,8702126,0.654382944107056,NA
"SurvivalBART",100,100,88,8802126,0.156371116638184,NA
"SurvivalDART",100,100,88,8802126,0.157704830169678,NA
"HorseTrees",100,100,88,8802126,0.199190139770508,NA
"BART::mc.abart",100,100,88,8802126,0.631566047668457,NA
"SurvivalBART",100,100,89,8902126,0.156804084777832,NA
"SurvivalDART",100,100,89,8902126,0.158140897750854,NA
"HorseTrees",100,100,89,8902126,0.196988105773926,NA
"BART::mc.abart",100,100,89,8902126,0.722259044647217,NA
"SurvivalBART",100,100,90,9002126,0.168230056762695,NA
"SurvivalDART",100,100,90,9002126,0.163914918899536,NA
"HorseTrees",100,100,90,9002126,0.214647054672241,NA
"BART::mc.abart",100,100,90,9002126,0.631578207015991,NA
"SurvivalBART",100,100,91,9102126,0.162518978118896,NA
"SurvivalDART",100,100,91,9102126,0.162698030471802,NA
"HorseTrees",100,100,91,9102126,0.198779106140137,NA
"BART::mc.abart",100,100,91,9102126,0.578825950622559,NA
"SurvivalBART",100,100,92,9202126,0.156363964080811,NA
"SurvivalDART",100,100,92,9202126,0.156306028366089,NA
"HorseTrees",100,100,92,9202126,0.197293996810913,NA
"BART::mc.abart",100,100,92,9202126,0.633071899414062,NA
"SurvivalBART",100,100,93,9302126,0.159621953964233,NA
"SurvivalDART",100,100,93,9302126,0.164276123046875,NA
"HorseTrees",100,100,93,9302126,0.19867205619812,NA
"BART::mc.abart",100,100,93,9302126,0.665335893630981,NA
"SurvivalBART",100,100,94,9402126,0.156732082366943,NA
"SurvivalDART",100,100,94,9402126,0.159662008285522,NA
"HorseTrees",100,100,94,9402126,0.197803974151611,NA
"BART::mc.abart",100,100,94,9402126,0.621351003646851,NA
"SurvivalBART",100,100,95,9502126,0.195889949798584,NA
"SurvivalDART",100,100,95,9502126,0.156140804290771,NA
"HorseTrees",100,100,95,9502126,0.220860004425049,NA
"BART::mc.abart",100,100,95,9502126,0.655188798904419,NA
"SurvivalBART",100,100,96,9602126,0.158443212509155,NA
"SurvivalDART",100,100,96,9602126,0.16093111038208,NA
"HorseTrees",100,100,96,9602126,0.213661909103394,NA
"BART::mc.abart",100,100,96,9602126,0.64835000038147,NA
"SurvivalBART",100,100,97,9702126,0.166862964630127,NA
"SurvivalDART",100,100,97,9702126,0.172323226928711,NA
"HorseTrees",100,100,97,9702126,0.215146064758301,NA
"BART::mc.abart",100,100,97,9702126,0.622853994369507,NA
"SurvivalBART",100,100,98,9802126,0.144000053405762,NA
"SurvivalDART",100,100,98,9802126,0.147699117660522,NA
"HorseTrees",100,100,98,9802126,0.199770927429199,NA
"BART::mc.abart",100,100,98,9802126,0.675714015960693,NA
"SurvivalBART",100,100,99,9902126,0.170039892196655,NA
"SurvivalDART",100,100,99,9902126,0.162515878677368,NA
"HorseTrees",100,100,99,9902126,0.210622072219849,NA
"BART::mc.abart",100,100,99,9902126,0.711328029632568,NA
"SurvivalBART",100,100,100,10002126,0.182092905044556,NA
"SurvivalDART",100,100,100,10002126,0.185889005661011,NA
"HorseTrees",100,100,100,10002126,0.223456144332886,NA
"BART::mc.abart",100,100,100,10002126,0.674885034561157,NA
"SurvivalBART",250,100,1,102276,0.257731199264526,NA
"SurvivalDART",250,100,1,102276,0.264178991317749,NA
"HorseTrees",250,100,1,102276,0.287274122238159,NA
"BART::mc.abart",250,100,1,102276,1.46750593185425,NA
"SurvivalBART",250,100,2,202276,0.260579109191895,NA
"SurvivalDART",250,100,2,202276,0.270132064819336,NA
"HorseTrees",250,100,2,202276,0.286940097808838,NA
"BART::mc.abart",250,100,2,202276,1.30324792861938,NA
"SurvivalBART",250,100,3,302276,0.266355037689209,NA
"SurvivalDART",250,100,3,302276,0.276134014129639,NA
"HorseTrees",250,100,3,302276,0.452955961227417,NA
"BART::mc.abart",250,100,3,302276,1.61382794380188,NA
"SurvivalBART",250,100,4,402276,0.30184006690979,NA
"SurvivalDART",250,100,4,402276,0.314181089401245,NA
"HorseTrees",250,100,4,402276,0.348291158676147,NA
"BART::mc.abart",250,100,4,402276,1.27228498458862,NA
"SurvivalBART",250,100,5,502276,0.286525964736938,NA
"SurvivalDART",250,100,5,502276,0.272347211837769,NA
"HorseTrees",250,100,5,502276,0.293873071670532,NA
"BART::mc.abart",250,100,5,502276,1.57442378997803,NA
"SurvivalBART",250,100,6,602276,0.265268087387085,NA
"SurvivalDART",250,100,6,602276,0.266841888427734,NA
"HorseTrees",250,100,6,602276,0.28783106803894,NA
"BART::mc.abart",250,100,6,602276,1.35017204284668,NA
"SurvivalBART",250,100,7,702276,0.25581693649292,NA
"SurvivalDART",250,100,7,702276,0.269092082977295,NA
"HorseTrees",250,100,7,702276,0.288894891738892,NA
"BART::mc.abart",250,100,7,702276,1.38979315757751,NA
"SurvivalBART",250,100,8,802276,0.223784923553467,NA
"SurvivalDART",250,100,8,802276,0.259490966796875,NA
"HorseTrees",250,100,8,802276,0.276740074157715,NA
"BART::mc.abart",250,100,8,802276,1.26767420768738,NA
"SurvivalBART",250,100,9,902276,0.254546880722046,NA
"SurvivalDART",250,100,9,902276,0.268505811691284,NA
"HorseTrees",250,100,9,902276,0.290971994400024,NA
"BART::mc.abart",250,100,9,902276,1.12609601020813,NA
"SurvivalBART",250,100,10,1002276,0.243246078491211,NA
"SurvivalDART",250,100,10,1002276,0.261946201324463,NA
"HorseTrees",250,100,10,1002276,0.359157085418701,NA
"BART::mc.abart",250,100,10,1002276,1.38286590576172,NA
"SurvivalBART",250,100,11,1102276,0.255641937255859,NA
"SurvivalDART",250,100,11,1102276,0.262920141220093,NA
"HorseTrees",250,100,11,1102276,0.28524899482727,NA
"BART::mc.abart",250,100,11,1102276,1.13406014442444,NA
"SurvivalBART",250,100,12,1202276,0.25541615486145,NA
"SurvivalDART",250,100,12,1202276,0.263281106948853,NA
"HorseTrees",250,100,12,1202276,0.286142110824585,NA
"BART::mc.abart",250,100,12,1202276,1.14864993095398,NA
"SurvivalBART",250,100,13,1302276,0.258615016937256,NA
"SurvivalDART",250,100,13,1302276,0.261363983154297,NA
"HorseTrees",250,100,13,1302276,0.263666868209839,NA
"BART::mc.abart",250,100,13,1302276,1.10628795623779,NA
"SurvivalBART",250,100,14,1402276,0.251535892486572,NA
"SurvivalDART",250,100,14,1402276,0.262574911117554,NA
"HorseTrees",250,100,14,1402276,0.284905910491943,NA
"BART::mc.abart",250,100,14,1402276,1.40356302261353,NA
"SurvivalBART",250,100,15,1502276,0.23707103729248,NA
"SurvivalDART",250,100,15,1502276,0.239532947540283,NA
"HorseTrees",250,100,15,1502276,0.282226085662842,NA
"BART::mc.abart",250,100,15,1502276,1.13416814804077,NA
"SurvivalBART",250,100,16,1602276,0.263200998306274,NA
"SurvivalDART",250,100,16,1602276,0.268985033035278,NA
"HorseTrees",250,100,16,1602276,0.29492712020874,NA
"BART::mc.abart",250,100,16,1602276,1.13740801811218,NA
"SurvivalBART",250,100,17,1702276,0.22807502746582,NA
"SurvivalDART",250,100,17,1702276,0.25188684463501,NA
"HorseTrees",250,100,17,1702276,0.286799907684326,NA
"BART::mc.abart",250,100,17,1702276,1.27640008926392,NA
"SurvivalBART",250,100,18,1802276,0.257812023162842,NA
"SurvivalDART",250,100,18,1802276,0.259658098220825,NA
"HorseTrees",250,100,18,1802276,0.294337034225464,NA
"BART::mc.abart",250,100,18,1802276,1.09494090080261,NA
"SurvivalBART",250,100,19,1902276,0.2607581615448,NA
"SurvivalDART",250,100,19,1902276,0.292891025543213,NA
"HorseTrees",250,100,19,1902276,0.288798809051514,NA
"BART::mc.abart",250,100,19,1902276,1.16721796989441,NA
"SurvivalBART",250,100,20,2002276,0.263859987258911,NA
"SurvivalDART",250,100,20,2002276,0.278558969497681,NA
"HorseTrees",250,100,20,2002276,0.282164096832275,NA
"BART::mc.abart",250,100,20,2002276,1.10895895957947,NA
"SurvivalBART",250,100,21,2102276,0.250507116317749,NA
"SurvivalDART",250,100,21,2102276,0.270182132720947,NA
"HorseTrees",250,100,21,2102276,0.277420997619629,NA
"BART::mc.abart",250,100,21,2102276,1.59297919273376,NA
"SurvivalBART",250,100,22,2202276,0.309412956237793,NA
"SurvivalDART",250,100,22,2202276,0.281423091888428,NA
"HorseTrees",250,100,22,2202276,0.34254789352417,NA
"BART::mc.abart",250,100,22,2202276,1.85676598548889,NA
"SurvivalBART",250,100,23,2302276,0.331640005111694,NA
"SurvivalDART",250,100,23,2302276,0.351471900939941,NA
"HorseTrees",250,100,23,2302276,0.448130130767822,NA
"BART::mc.abart",250,100,23,2302276,1.9213969707489,NA
"SurvivalBART",250,100,24,2402276,0.258278131484985,NA
"SurvivalDART",250,100,24,2402276,0.297769784927368,NA
"HorseTrees",250,100,24,2402276,0.302606105804443,NA
"BART::mc.abart",250,100,24,2402276,1.15434312820435,NA
"SurvivalBART",250,100,25,2502276,0.269811868667603,NA
"SurvivalDART",250,100,25,2502276,0.26059103012085,NA
"HorseTrees",250,100,25,2502276,0.287483930587769,NA
"BART::mc.abart",250,100,25,2502276,1.35630583763123,NA
"SurvivalBART",250,100,26,2602276,0.245096921920776,NA
"SurvivalDART",250,100,26,2602276,0.327238082885742,NA
"HorseTrees",250,100,26,2602276,0.31148099899292,NA
"BART::mc.abart",250,100,26,2602276,1.38850712776184,NA
"SurvivalBART",250,100,27,2702276,0.372575044631958,NA
"SurvivalDART",250,100,27,2702276,0.306418895721436,NA
"HorseTrees",250,100,27,2702276,0.314397096633911,NA
"BART::mc.abart",250,100,27,2702276,1.57820320129395,NA
"SurvivalBART",250,100,28,2802276,0.246073007583618,NA
"SurvivalDART",250,100,28,2802276,0.261703968048096,NA
"HorseTrees",250,100,28,2802276,0.274837017059326,NA
"BART::mc.abart",250,100,28,2802276,1.1568341255188,NA
"SurvivalBART",250,100,29,2902276,0.261555194854736,NA
"SurvivalDART",250,100,29,2902276,0.263361930847168,NA
"HorseTrees",250,100,29,2902276,0.285131931304932,NA
"BART::mc.abart",250,100,29,2902276,1.125333070755,NA
"SurvivalBART",250,100,30,3002276,0.30624508857727,NA
"SurvivalDART",250,100,30,3002276,0.310791969299316,NA
"HorseTrees",250,100,30,3002276,0.34282112121582,NA
"BART::mc.abart",250,100,30,3002276,1.75002789497375,NA
"SurvivalBART",250,100,31,3102276,0.367205858230591,NA
"SurvivalDART",250,100,31,3102276,0.35437798500061,NA
"HorseTrees",250,100,31,3102276,0.363663196563721,NA
"BART::mc.abart",250,100,31,3102276,2.23916697502136,NA
"SurvivalBART",250,100,32,3202276,0.496769905090332,NA
"SurvivalDART",250,100,32,3202276,0.36767315864563,NA
"HorseTrees",250,100,32,3202276,0.45874810218811,NA
"BART::mc.abart",250,100,32,3202276,3.4549548625946,NA
"SurvivalBART",250,100,33,3302276,0.373857021331787,NA
"SurvivalDART",250,100,33,3302276,0.386283159255981,NA
"HorseTrees",250,100,33,3302276,0.408205986022949,NA
"BART::mc.abart",250,100,33,3302276,1.65725493431091,NA
"SurvivalBART",250,100,34,3402276,0.444231986999512,NA
"SurvivalDART",250,100,34,3402276,0.576249122619629,NA
"HorseTrees",250,100,34,3402276,0.441617012023926,NA
"BART::mc.abart",250,100,34,3402276,4.8732259273529,NA
"SurvivalBART",250,100,35,3502276,0.401411056518555,NA
"SurvivalDART",250,100,35,3502276,0.399565935134888,NA
"HorseTrees",250,100,35,3502276,0.434051036834717,NA
"BART::mc.abart",250,100,35,3502276,2.47072100639343,NA
"SurvivalBART",250,100,36,3602276,0.470851182937622,NA
"SurvivalDART",250,100,36,3602276,0.426903963088989,NA
"HorseTrees",250,100,36,3602276,0.43594217300415,NA
"BART::mc.abart",250,100,36,3602276,2.60868287086487,NA
"SurvivalBART",250,100,37,3702276,0.424130916595459,NA
"SurvivalDART",250,100,37,3702276,0.418411016464233,NA
"HorseTrees",250,100,37,3702276,0.443995952606201,NA
"BART::mc.abart",250,100,37,3702276,2.18733596801758,NA
"SurvivalBART",250,100,38,3802276,0.363818883895874,NA
"SurvivalDART",250,100,38,3802276,0.407543182373047,NA
"HorseTrees",250,100,38,3802276,0.566335916519165,NA
"BART::mc.abart",250,100,38,3802276,1.78927993774414,NA
"SurvivalBART",250,100,39,3902276,0.441161155700684,NA
"SurvivalDART",250,100,39,3902276,0.590966939926147,NA
"HorseTrees",250,100,39,3902276,0.447329998016357,NA
"BART::mc.abart",250,100,39,3902276,1.79578304290771,NA
"SurvivalBART",250,100,40,4002276,0.392715930938721,NA
"SurvivalDART",250,100,40,4002276,0.392518997192383,NA
"HorseTrees",250,100,40,4002276,0.415355920791626,NA
"BART::mc.abart",250,100,40,4002276,3.05661916732788,NA
"SurvivalBART",250,100,41,4102276,0.423561096191406,NA
"SurvivalDART",250,100,41,4102276,0.422589063644409,NA
"HorseTrees",250,100,41,4102276,0.482106924057007,NA
"BART::mc.abart",250,100,41,4102276,2.59857106208801,NA
"SurvivalBART",250,100,42,4202276,0.617560863494873,NA
"SurvivalDART",250,100,42,4202276,0.434462070465088,NA
"HorseTrees",250,100,42,4202276,0.554065942764282,NA
"BART::mc.abart",250,100,42,4202276,3.21075701713562,NA
"SurvivalBART",250,100,43,4302276,0.363290071487427,NA
"SurvivalDART",250,100,43,4302276,0.370007038116455,NA
"HorseTrees",250,100,43,4302276,0.420448064804077,NA
"BART::mc.abart",250,100,43,4302276,2.45962619781494,NA
"SurvivalBART",250,100,44,4402276,0.404902935028076,NA
"SurvivalDART",250,100,44,4402276,0.416316986083984,NA
"HorseTrees",250,100,44,4402276,0.42507004737854,NA
"BART::mc.abart",250,100,44,4402276,2.05876517295837,NA
"SurvivalBART",250,100,45,4502276,0.589379072189331,NA
"SurvivalDART",250,100,45,4502276,0.398577928543091,NA
"HorseTrees",250,100,45,4502276,0.429996967315674,NA
"BART::mc.abart",250,100,45,4502276,1.75758504867554,NA
"SurvivalBART",250,100,46,4602276,0.430538892745972,NA
"SurvivalDART",250,100,46,4602276,0.409148931503296,NA
"HorseTrees",250,100,46,4602276,0.424492120742798,NA
"BART::mc.abart",250,100,46,4602276,2.31573820114136,NA
"SurvivalBART",250,100,47,4702276,0.430546998977661,NA
"SurvivalDART",250,100,47,4702276,0.406445980072021,NA
"HorseTrees",250,100,47,4702276,0.423630952835083,NA
"BART::mc.abart",250,100,47,4702276,1.86078310012817,NA
"SurvivalBART",250,100,48,4802276,0.384660959243774,NA
"SurvivalDART",250,100,48,4802276,0.391956090927124,NA
"HorseTrees",250,100,48,4802276,0.418412923812866,NA
"BART::mc.abart",250,100,48,4802276,1.7647750377655,NA
"SurvivalBART",250,100,49,4902276,0.411104917526245,NA
"SurvivalDART",250,100,49,4902276,0.421938896179199,NA
"HorseTrees",250,100,49,4902276,0.44842791557312,NA
"BART::mc.abart",250,100,49,4902276,1.85908699035645,NA
"SurvivalBART",250,100,50,5002276,0.410652160644531,NA
"SurvivalDART",250,100,50,5002276,0.393455982208252,NA
"HorseTrees",250,100,50,5002276,0.413428068161011,NA
"BART::mc.abart",250,100,50,5002276,1.72851800918579,NA
"SurvivalBART",250,100,51,5102276,0.404138088226318,NA
"SurvivalDART",250,100,51,5102276,0.377715110778809,NA
"HorseTrees",250,100,51,5102276,0.399402141571045,NA
"BART::mc.abart",250,100,51,5102276,1.7790629863739,NA
"SurvivalBART",250,100,52,5202276,0.418395042419434,NA
"SurvivalDART",250,100,52,5202276,0.377326965332031,NA
"HorseTrees",250,100,52,5202276,0.424597024917603,NA
"BART::mc.abart",250,100,52,5202276,1.96606492996216,NA
"SurvivalBART",250,100,53,5302276,0.389721155166626,NA
"SurvivalDART",250,100,53,5302276,0.373748064041138,NA
"HorseTrees",250,100,53,5302276,0.436187982559204,NA
"BART::mc.abart",250,100,53,5302276,1.77806806564331,NA
"SurvivalBART",250,100,54,5402276,0.40575909614563,NA
"SurvivalDART",250,100,54,5402276,0.376792907714844,NA
"HorseTrees",250,100,54,5402276,0.412405014038086,NA
"BART::mc.abart",250,100,54,5402276,1.65528082847595,NA
"SurvivalBART",250,100,55,5502276,0.387785911560059,NA
"SurvivalDART",250,100,55,5502276,0.400284051895142,NA
"HorseTrees",250,100,55,5502276,0.403002977371216,NA
"BART::mc.abart",250,100,55,5502276,1.78636288642883,NA
"SurvivalBART",250,100,56,5602276,0.359004020690918,NA
"SurvivalDART",250,100,56,5602276,0.359457015991211,NA
"HorseTrees",250,100,56,5602276,0.409789085388184,NA
"BART::mc.abart",250,100,56,5602276,1.71843576431274,NA
"SurvivalBART",250,100,57,5702276,0.380632162094116,NA
"SurvivalDART",250,100,57,5702276,0.411139965057373,NA
"HorseTrees",250,100,57,5702276,0.434278964996338,NA
"BART::mc.abart",250,100,57,5702276,1.75872302055359,NA
"SurvivalBART",250,100,58,5802276,0.373317956924438,NA
"SurvivalDART",250,100,58,5802276,0.383014917373657,NA
"HorseTrees",250,100,58,5802276,0.420691013336182,NA
"BART::mc.abart",250,100,58,5802276,1.9893069267273,NA
"SurvivalBART",250,100,59,5902276,0.45588493347168,NA
"SurvivalDART",250,100,59,5902276,0.427344083786011,NA
"HorseTrees",250,100,59,5902276,0.448086977005005,NA
"BART::mc.abart",250,100,59,5902276,2.19136095046997,NA
"SurvivalBART",250,100,60,6002276,0.383063077926636,NA
"SurvivalDART",250,100,60,6002276,0.358475923538208,NA
"HorseTrees",250,100,60,6002276,0.411614894866943,NA
"BART::mc.abart",250,100,60,6002276,1.74424314498901,NA
"SurvivalBART",250,100,61,6102276,0.40169620513916,NA
"SurvivalDART",250,100,61,6102276,0.368757963180542,NA
"HorseTrees",250,100,61,6102276,0.414132118225098,NA
"BART::mc.abart",250,100,61,6102276,1.69750618934631,NA
"SurvivalBART",250,100,62,6202276,0.391731977462769,NA
"SurvivalDART",250,100,62,6202276,0.403827905654907,NA
"HorseTrees",250,100,62,6202276,0.540762901306152,NA
"BART::mc.abart",250,100,62,6202276,3.72404408454895,NA
"SurvivalBART",250,100,63,6302276,0.443909883499146,NA
"SurvivalDART",250,100,63,6302276,0.685372114181519,NA
"HorseTrees",250,100,63,6302276,0.503575801849365,NA
"BART::mc.abart",250,100,63,6302276,4.22905588150024,NA
"SurvivalBART",250,100,64,6402276,0.422248840332031,NA
"SurvivalDART",250,100,64,6402276,0.410382986068726,NA
"HorseTrees",250,100,64,6402276,0.548482894897461,NA
"BART::mc.abart",250,100,64,6402276,2.03113198280334,NA
"SurvivalBART",250,100,65,6502276,0.440741062164307,NA
"SurvivalDART",250,100,65,6502276,0.423353910446167,NA
"HorseTrees",250,100,65,6502276,0.410139083862305,NA
"BART::mc.abart",250,100,65,6502276,1.67487096786499,NA
"SurvivalBART",250,100,66,6602276,0.340791940689087,NA
"SurvivalDART",250,100,66,6602276,0.348752021789551,NA
"HorseTrees",250,100,66,6602276,0.365878820419312,NA
"BART::mc.abart",250,100,66,6602276,2.52378678321838,NA
"SurvivalBART",250,100,67,6702276,0.451172113418579,NA
"SurvivalDART",250,100,67,6702276,0.372989177703857,NA
"HorseTrees",250,100,67,6702276,0.394632816314697,NA
"BART::mc.abart",250,100,67,6702276,2.57292699813843,NA
"SurvivalBART",250,100,68,6802276,0.361531972885132,NA
"SurvivalDART",250,100,68,6802276,0.365860939025879,NA
"HorseTrees",250,100,68,6802276,0.410738945007324,NA
"BART::mc.abart",250,100,68,6802276,1.58527684211731,NA
"SurvivalBART",250,100,69,6902276,0.407582998275757,NA
"SurvivalDART",250,100,69,6902276,0.423121929168701,NA
"HorseTrees",250,100,69,6902276,0.520075082778931,NA
"BART::mc.abart",250,100,69,6902276,1.80373120307922,NA
"SurvivalBART",250,100,70,7002276,0.393983840942383,NA
"SurvivalDART",250,100,70,7002276,0.397119998931885,NA
"HorseTrees",250,100,70,7002276,0.423351049423218,NA
"BART::mc.abart",250,100,70,7002276,1.71508383750916,NA
"SurvivalBART",250,100,71,7102276,0.310810089111328,NA
"SurvivalDART",250,100,71,7102276,0.326329946517944,NA
"HorseTrees",250,100,71,7102276,0.357285022735596,NA
"BART::mc.abart",250,100,71,7102276,1.58974409103394,NA
"SurvivalBART",250,100,72,7202276,0.305382013320923,NA
"SurvivalDART",250,100,72,7202276,0.314646005630493,NA
"HorseTrees",250,100,72,7202276,0.344918012619019,NA
"BART::mc.abart",250,100,72,7202276,1.36809086799622,NA
"SurvivalBART",250,100,73,7302276,0.315413951873779,NA
"SurvivalDART",250,100,73,7302276,0.312936067581177,NA
"HorseTrees",250,100,73,7302276,0.32312798500061,NA
"BART::mc.abart",250,100,73,7302276,1.25379514694214,NA
"SurvivalBART",250,100,74,7402276,0.294743061065674,NA
"SurvivalDART",250,100,74,7402276,0.310564994812012,NA
"HorseTrees",250,100,74,7402276,0.332354068756104,NA
"BART::mc.abart",250,100,74,7402276,1.2252209186554,NA
"SurvivalBART",250,100,75,7502276,0.249238967895508,NA
"SurvivalDART",250,100,75,7502276,0.286381959915161,NA
"HorseTrees",250,100,75,7502276,0.311874151229858,NA
"BART::mc.abart",250,100,75,7502276,1.57164287567139,NA
"SurvivalBART",250,100,76,7602276,0.308526039123535,NA
"SurvivalDART",250,100,76,7602276,0.318271160125732,NA
"HorseTrees",250,100,76,7602276,0.332783937454224,NA
"BART::mc.abart",250,100,76,7602276,2.63229703903198,NA
"SurvivalBART",250,100,77,7702276,0.315988779067993,NA
"SurvivalDART",250,100,77,7702276,0.339288949966431,NA
"HorseTrees",250,100,77,7702276,0.358149766921997,NA
"BART::mc.abart",250,100,77,7702276,1.61408495903015,NA
"SurvivalBART",250,100,78,7802276,0.296797037124634,NA
"SurvivalDART",250,100,78,7802276,0.295809984207153,NA
"HorseTrees",250,100,78,7802276,0.29071307182312,NA
"BART::mc.abart",250,100,78,7802276,1.23267292976379,NA
"SurvivalBART",250,100,79,7902276,0.284209966659546,NA
"SurvivalDART",250,100,79,7902276,0.295382022857666,NA
"HorseTrees",250,100,79,7902276,0.316387176513672,NA
"BART::mc.abart",250,100,79,7902276,1.59544110298157,NA
"SurvivalBART",250,100,80,8002276,0.292384147644043,NA
"SurvivalDART",250,100,80,8002276,0.292556047439575,NA
"HorseTrees",250,100,80,8002276,0.316943883895874,NA
"BART::mc.abart",250,100,80,8002276,1.36084985733032,NA
"SurvivalBART",250,100,81,8102276,0.296710968017578,NA
"SurvivalDART",250,100,81,8102276,0.296632051467896,NA
"HorseTrees",250,100,81,8102276,0.312169075012207,NA
"BART::mc.abart",250,100,81,8102276,1.37121510505676,NA
"SurvivalBART",250,100,82,8202276,0.360895156860352,NA
"SurvivalDART",250,100,82,8202276,0.345128059387207,NA
"HorseTrees",250,100,82,8202276,0.359027862548828,NA
"BART::mc.abart",250,100,82,8202276,1.59450197219849,NA
"SurvivalBART",250,100,83,8302276,0.327636003494263,NA
"SurvivalDART",250,100,83,8302276,0.299088001251221,NA
"HorseTrees",250,100,83,8302276,0.354573011398315,NA
"BART::mc.abart",250,100,83,8302276,2.09783411026001,NA
"SurvivalBART",250,100,84,8402276,0.315323829650879,NA
"SurvivalDART",250,100,84,8402276,0.31905722618103,NA
"HorseTrees",250,100,84,8402276,0.397532939910889,NA
"BART::mc.abart",250,100,84,8402276,1.4976589679718,NA
"SurvivalBART",250,100,85,8502276,0.271056890487671,NA
"SurvivalDART",250,100,85,8502276,0.285153150558472,NA
"HorseTrees",250,100,85,8502276,0.313973903656006,NA
"BART::mc.abart",250,100,85,8502276,1.32218098640442,NA
"SurvivalBART",250,100,86,8602276,0.28699803352356,NA
"SurvivalDART",250,100,86,8602276,0.3002028465271,NA
"HorseTrees",250,100,86,8602276,0.318590879440308,NA
"BART::mc.abart",250,100,86,8602276,1.23860096931458,NA
"SurvivalBART",250,100,87,8702276,0.256294965744019,NA
"SurvivalDART",250,100,87,8702276,0.273675918579102,NA
"HorseTrees",250,100,87,8702276,0.30980396270752,NA
"BART::mc.abart",250,100,87,8702276,1.70687198638916,NA
"SurvivalBART",250,100,88,8802276,0.282248020172119,NA
"SurvivalDART",250,100,88,8802276,0.301315069198608,NA
"HorseTrees",250,100,88,8802276,0.331172943115234,NA
"BART::mc.abart",250,100,88,8802276,1.32469010353088,NA
"SurvivalBART",250,100,89,8902276,0.28470516204834,NA
"SurvivalDART",250,100,89,8902276,0.300710916519165,NA
"HorseTrees",250,100,89,8902276,0.330812931060791,NA
"BART::mc.abart",250,100,89,8902276,1.32307600975037,NA
"SurvivalBART",250,100,90,9002276,0.3213791847229,NA
"SurvivalDART",250,100,90,9002276,0.299381971359253,NA
"HorseTrees",250,100,90,9002276,0.30689001083374,NA
"BART::mc.abart",250,100,90,9002276,1.27086997032166,NA
"SurvivalBART",250,100,91,9102276,0.279837846755981,NA
"SurvivalDART",250,100,91,9102276,0.29076099395752,NA
"HorseTrees",250,100,91,9102276,0.325502872467041,NA
"BART::mc.abart",250,100,91,9102276,1.70039987564087,NA
"SurvivalBART",250,100,92,9202276,0.303631067276001,NA
"SurvivalDART",250,100,92,9202276,0.300228834152222,NA
"HorseTrees",250,100,92,9202276,0.338645935058594,NA
"BART::mc.abart",250,100,92,9202276,1.32631087303162,NA
"SurvivalBART",250,100,93,9302276,0.303702831268311,NA
"SurvivalDART",250,100,93,9302276,0.309291124343872,NA
"HorseTrees",250,100,93,9302276,0.339540004730225,NA
"BART::mc.abart",250,100,93,9302276,1.44145393371582,NA
"SurvivalBART",250,100,94,9402276,0.273462057113647,NA
"SurvivalDART",250,100,94,9402276,0.321821928024292,NA
"HorseTrees",250,100,94,9402276,0.367779970169067,NA
"BART::mc.abart",250,100,94,9402276,1.42147397994995,NA
"SurvivalBART",250,100,95,9502276,0.332787036895752,NA
"SurvivalDART",250,100,95,9502276,0.329519033432007,NA
"HorseTrees",250,100,95,9502276,0.353677034378052,NA
"BART::mc.abart",250,100,95,9502276,1.58857297897339,NA
"SurvivalBART",250,100,96,9602276,0.286273002624512,NA
"SurvivalDART",250,100,96,9602276,0.310513019561768,NA
"HorseTrees",250,100,96,9602276,0.346096992492676,NA
"BART::mc.abart",250,100,96,9602276,1.33670997619629,NA
"SurvivalBART",250,100,97,9702276,0.296097040176392,NA
"SurvivalDART",250,100,97,9702276,0.310209035873413,NA
"HorseTrees",250,100,97,9702276,0.35723614692688,NA
"BART::mc.abart",250,100,97,9702276,1.29886198043823,NA
"SurvivalBART",250,100,98,9802276,0.305466890335083,NA
"SurvivalDART",250,100,98,9802276,0.332879066467285,NA
"HorseTrees",250,100,98,9802276,0.380801916122437,NA
"BART::mc.abart",250,100,98,9802276,1.40944194793701,NA
"SurvivalBART",250,100,99,9902276,0.308582067489624,NA
"SurvivalDART",250,100,99,9902276,0.326349020004272,NA
"HorseTrees",250,100,99,9902276,0.319430828094482,NA
"BART::mc.abart",250,100,99,9902276,2.50336003303528,NA
"SurvivalBART",250,100,100,10002276,0.451755046844482,NA
"SurvivalDART",250,100,100,10002276,0.402405977249146,NA
"HorseTrees",250,100,100,10002276,0.427489995956421,NA
"BART::mc.abart",250,100,100,10002276,3.06166481971741,NA
"SurvivalBART",500,100,1,102526,0.583931922912598,NA
"SurvivalDART",500,100,1,102526,0.563515901565552,NA
"HorseTrees",500,100,1,102526,0.574096918106079,NA
"BART::mc.abart",500,100,1,102526,3.24036693572998,NA
"SurvivalBART",500,100,2,202526,0.742147922515869,NA
"SurvivalDART",500,100,2,202526,0.644852876663208,NA
"HorseTrees",500,100,2,202526,0.561378955841064,NA
"BART::mc.abart",500,100,2,202526,3.21956706047058,NA
"SurvivalBART",500,100,3,302526,0.519646167755127,NA
"SurvivalDART",500,100,3,302526,0.574826955795288,NA
"HorseTrees",500,100,3,302526,0.536948919296265,NA
"BART::mc.abart",500,100,3,302526,3.05855512619019,NA
"SurvivalBART",500,100,4,402526,0.518040895462036,NA
"SurvivalDART",500,100,4,402526,0.690614938735962,NA
"HorseTrees",500,100,4,402526,0.520856857299805,NA
"BART::mc.abart",500,100,4,402526,2.90019297599792,NA
"SurvivalBART",500,100,5,502526,0.791966915130615,NA
"SurvivalDART",500,100,5,502526,0.85741400718689,NA
"HorseTrees",500,100,5,502526,0.652633190155029,NA
"BART::mc.abart",500,100,5,502526,2.63113307952881,NA
"SurvivalBART",500,100,6,602526,0.459785938262939,NA
"SurvivalDART",500,100,6,602526,0.583402872085571,NA
"HorseTrees",500,100,6,602526,0.659269094467163,NA
"BART::mc.abart",500,100,6,602526,3.27649593353271,NA
"SurvivalBART",500,100,7,702526,0.553941011428833,NA
"SurvivalDART",500,100,7,702526,0.527343988418579,NA
"HorseTrees",500,100,7,702526,0.517854928970337,NA
"BART::mc.abart",500,100,7,702526,2.5236349105835,NA
"SurvivalBART",500,100,8,802526,0.494335889816284,NA
"SurvivalDART",500,100,8,802526,0.525547027587891,NA
"HorseTrees",500,100,8,802526,0.524177074432373,NA
"BART::mc.abart",500,100,8,802526,2.39585399627686,NA
"SurvivalBART",500,100,9,902526,0.490478992462158,NA
"SurvivalDART",500,100,9,902526,0.51334023475647,NA
"HorseTrees",500,100,9,902526,0.495909929275513,NA
"BART::mc.abart",500,100,9,902526,2.60437393188477,NA
"SurvivalBART",500,100,10,1002526,0.518789052963257,NA
"SurvivalDART",500,100,10,1002526,0.531742811203003,NA
"HorseTrees",500,100,10,1002526,0.529705047607422,NA
"BART::mc.abart",500,100,10,1002526,2.65262317657471,NA
"SurvivalBART",500,100,11,1102526,0.502277135848999,NA
"SurvivalDART",500,100,11,1102526,0.541839122772217,NA
"HorseTrees",500,100,11,1102526,0.516846895217896,NA
"BART::mc.abart",500,100,11,1102526,2.17420601844788,NA
"SurvivalBART",500,100,12,1202526,0.47528600692749,NA
"SurvivalDART",500,100,12,1202526,0.525097131729126,NA
"HorseTrees",500,100,12,1202526,0.500750064849854,NA
"BART::mc.abart",500,100,12,1202526,3.58876800537109,NA
"SurvivalBART",500,100,13,1302526,0.522511959075928,NA
"SurvivalDART",500,100,13,1302526,0.583971977233887,NA
"HorseTrees",500,100,13,1302526,0.568608999252319,NA
"BART::mc.abart",500,100,13,1302526,2.80950593948364,NA
"SurvivalBART",500,100,14,1402526,0.518003940582275,NA
"SurvivalDART",500,100,14,1402526,0.563124895095825,NA
"HorseTrees",500,100,14,1402526,1.24020409584045,NA
"BART::mc.abart",500,100,14,1402526,2.8757438659668,NA
"SurvivalBART",500,100,15,1502526,0.51159405708313,NA
"SurvivalDART",500,100,15,1502526,0.545232057571411,NA
"HorseTrees",500,100,15,1502526,0.519195079803467,NA
"BART::mc.abart",500,100,15,1502526,3.45321798324585,NA
"SurvivalBART",500,100,16,1602526,0.564464807510376,NA
"SurvivalDART",500,100,16,1602526,0.619128942489624,NA
"HorseTrees",500,100,16,1602526,0.558243036270142,NA
"BART::mc.abart",500,100,16,1602526,3.02053785324097,NA
"SurvivalBART",500,100,17,1702526,0.915012121200562,NA
"SurvivalDART",500,100,17,1702526,0.731426000595093,NA
"HorseTrees",500,100,17,1702526,0.599182844161987,NA
"BART::mc.abart",500,100,17,1702526,3.14564490318298,NA
"SurvivalBART",500,100,18,1802526,0.592881917953491,NA
"SurvivalDART",500,100,18,1802526,0.551145076751709,NA
"HorseTrees",500,100,18,1802526,0.539955854415894,NA
"BART::mc.abart",500,100,18,1802526,3.13385105133057,NA
"SurvivalBART",500,100,19,1902526,0.607246160507202,NA
"SurvivalDART",500,100,19,1902526,0.654201030731201,NA
"HorseTrees",500,100,19,1902526,0.540569067001343,NA
"BART::mc.abart",500,100,19,1902526,2.31315898895264,NA
"SurvivalBART",500,100,20,2002526,0.47482705116272,NA
"SurvivalDART",500,100,20,2002526,0.520083904266357,NA
"HorseTrees",500,100,20,2002526,0.535803079605103,NA
"BART::mc.abart",500,100,20,2002526,2.46062898635864,NA
"SurvivalBART",500,100,21,2102526,0.478776931762695,NA
"SurvivalDART",500,100,21,2102526,0.503222942352295,NA
"HorseTrees",500,100,21,2102526,0.492037057876587,NA
"BART::mc.abart",500,100,21,2102526,2.29882311820984,NA
"SurvivalBART",500,100,22,2202526,0.468582153320312,NA
"SurvivalDART",500,100,22,2202526,0.480524063110352,NA
"HorseTrees",500,100,22,2202526,0.474958896636963,NA
"BART::mc.abart",500,100,22,2202526,2.61301708221436,NA
"SurvivalBART",500,100,23,2302526,0.570124864578247,NA
"SurvivalDART",500,100,23,2302526,0.802365064620972,NA
"HorseTrees",500,100,23,2302526,0.580200910568237,NA
"BART::mc.abart",500,100,23,2302526,2.44349312782288,NA
"SurvivalBART",500,100,24,2402526,0.474025011062622,NA
"SurvivalDART",500,100,24,2402526,0.480902910232544,NA
"HorseTrees",500,100,24,2402526,0.455142021179199,NA
"BART::mc.abart",500,100,24,2402526,2.29868412017822,NA
"SurvivalBART",500,100,25,2502526,0.463097095489502,NA
"SurvivalDART",500,100,25,2502526,0.488259077072144,NA
"HorseTrees",500,100,25,2502526,0.481027126312256,NA
"BART::mc.abart",500,100,25,2502526,2.19268202781677,NA
"SurvivalBART",500,100,26,2602526,0.481661081314087,NA
"SurvivalDART",500,100,26,2602526,0.489696025848389,NA
"HorseTrees",500,100,26,2602526,0.464805126190186,NA
"BART::mc.abart",500,100,26,2602526,2.35403800010681,NA
"SurvivalBART",500,100,27,2702526,0.505892992019653,NA
"SurvivalDART",500,100,27,2702526,0.500734806060791,NA
"HorseTrees",500,100,27,2702526,0.485856056213379,NA
"BART::mc.abart",500,100,27,2702526,2.39390802383423,NA
"SurvivalBART",500,100,28,2802526,0.535039186477661,NA
"SurvivalDART",500,100,28,2802526,0.501798152923584,NA
"HorseTrees",500,100,28,2802526,0.481677055358887,NA
"BART::mc.abart",500,100,28,2802526,2.61049914360046,NA
"SurvivalBART",500,100,29,2902526,0.476491928100586,NA
"SurvivalDART",500,100,29,2902526,0.489511013031006,NA
"HorseTrees",500,100,29,2902526,0.488775968551636,NA
"BART::mc.abart",500,100,29,2902526,2.16475701332092,NA
"SurvivalBART",500,100,30,3002526,0.528677940368652,NA
"SurvivalDART",500,100,30,3002526,0.572590112686157,NA
"HorseTrees",500,100,30,3002526,0.458108901977539,NA
"BART::mc.abart",500,100,30,3002526,2.13158392906189,NA
"SurvivalBART",500,100,31,3102526,0.481479167938232,NA
"SurvivalDART",500,100,31,3102526,0.487006902694702,NA
"HorseTrees",500,100,31,3102526,0.500899076461792,NA
"BART::mc.abart",500,100,31,3102526,2.25086283683777,NA
"SurvivalBART",500,100,32,3202526,0.535639047622681,NA
"SurvivalDART",500,100,32,3202526,0.530892848968506,NA
"HorseTrees",500,100,32,3202526,0.554636001586914,NA
"BART::mc.abart",500,100,32,3202526,2.56174898147583,NA
"SurvivalBART",500,100,33,3302526,0.538691997528076,NA
"SurvivalDART",500,100,33,3302526,0.543285846710205,NA
"HorseTrees",500,100,33,3302526,0.553979873657227,NA
"BART::mc.abart",500,100,33,3302526,2.44586586952209,NA
"SurvivalBART",500,100,34,3402526,0.51797890663147,NA
"SurvivalDART",500,100,34,3402526,0.525863885879517,NA
"HorseTrees",500,100,34,3402526,0.587358951568604,NA
"BART::mc.abart",500,100,34,3402526,2.38861107826233,NA
"SurvivalBART",500,100,35,3502526,0.506814956665039,NA
"SurvivalDART",500,100,35,3502526,0.519937992095947,NA
"HorseTrees",500,100,35,3502526,0.547112941741943,NA
"BART::mc.abart",500,100,35,3502526,2.24802398681641,NA
"SurvivalBART",500,100,36,3602526,0.526880025863647,NA
"SurvivalDART",500,100,36,3602526,0.518991947174072,NA
"HorseTrees",500,100,36,3602526,0.605846881866455,NA
"BART::mc.abart",500,100,36,3602526,2.73175811767578,NA
"SurvivalBART",500,100,37,3702526,0.535343170166016,NA
"SurvivalDART",500,100,37,3702526,0.586088180541992,NA
"HorseTrees",500,100,37,3702526,0.666721105575562,NA
"BART::mc.abart",500,100,37,3702526,2.98451614379883,NA
"SurvivalBART",500,100,38,3802526,0.480453968048096,NA
"SurvivalDART",500,100,38,3802526,0.542610883712769,NA
"HorseTrees",500,100,38,3802526,0.502034187316895,NA
"BART::mc.abart",500,100,38,3802526,2.28149795532227,NA
"SurvivalBART",500,100,39,3902526,0.471702098846436,NA
"SurvivalDART",500,100,39,3902526,0.463680028915405,NA
"HorseTrees",500,100,39,3902526,0.486134052276611,NA
"BART::mc.abart",500,100,39,3902526,2.9574248790741,NA
"SurvivalBART",500,100,40,4002526,0.528990030288696,NA
"SurvivalDART",500,100,40,4002526,0.617599010467529,NA
"HorseTrees",500,100,40,4002526,0.720356225967407,NA
"BART::mc.abart",500,100,40,4002526,3.57040500640869,NA
"SurvivalBART",500,100,41,4102526,0.536450862884521,NA
"SurvivalDART",500,100,41,4102526,0.501905202865601,NA
"HorseTrees",500,100,41,4102526,0.551629066467285,NA
"BART::mc.abart",500,100,41,4102526,2.73316979408264,NA
"SurvivalBART",500,100,42,4202526,0.515242099761963,NA
"SurvivalDART",500,100,42,4202526,0.543006896972656,NA
"HorseTrees",500,100,42,4202526,0.544654130935669,NA
"BART::mc.abart",500,100,42,4202526,3.28204202651978,NA
"SurvivalBART",500,100,43,4302526,0.481680870056152,NA
"SurvivalDART",500,100,43,4302526,0.517032146453857,NA
"HorseTrees",500,100,43,4302526,0.549609899520874,NA
"BART::mc.abart",500,100,43,4302526,2.39410805702209,NA
"SurvivalBART",500,100,44,4402526,0.454785108566284,NA
"SurvivalDART",500,100,44,4402526,0.479458808898926,NA
"HorseTrees",500,100,44,4402526,0.715909004211426,NA
"BART::mc.abart",500,100,44,4402526,2.3746190071106,NA
"SurvivalBART",500,100,45,4502526,0.574434995651245,NA
"SurvivalDART",500,100,45,4502526,0.52875018119812,NA
"HorseTrees",500,100,45,4502526,0.544002056121826,NA
"BART::mc.abart",500,100,45,4502526,2.51350402832031,NA
"SurvivalBART",500,100,46,4602526,0.487961053848267,NA
"SurvivalDART",500,100,46,4602526,0.501477003097534,NA
"HorseTrees",500,100,46,4602526,0.449862003326416,NA
"BART::mc.abart",500,100,46,4602526,2.25343894958496,NA
"SurvivalBART",500,100,47,4702526,0.480484962463379,NA
"SurvivalDART",500,100,47,4702526,0.496968984603882,NA
"HorseTrees",500,100,47,4702526,0.485763072967529,NA
"BART::mc.abart",500,100,47,4702526,2.34513115882874,NA
"SurvivalBART",500,100,48,4802526,0.51016902923584,NA
"SurvivalDART",500,100,48,4802526,0.540403127670288,NA
"HorseTrees",500,100,48,4802526,0.497501134872437,NA
"BART::mc.abart",500,100,48,4802526,4.28420281410217,NA
"SurvivalBART",500,100,49,4902526,0.540812969207764,NA
"SurvivalDART",500,100,49,4902526,0.603323936462402,NA
"HorseTrees",500,100,49,4902526,0.495979070663452,NA
"BART::mc.abart",500,100,49,4902526,2.30109405517578,NA
"SurvivalBART",500,100,50,5002526,0.48737907409668,NA
"SurvivalDART",500,100,50,5002526,0.49101185798645,NA
"HorseTrees",500,100,50,5002526,0.463588953018188,NA
"BART::mc.abart",500,100,50,5002526,2.56116008758545,NA
"SurvivalBART",500,100,51,5102526,0.553088903427124,NA
"SurvivalDART",500,100,51,5102526,0.582210063934326,NA
"HorseTrees",500,100,51,5102526,0.5281081199646,NA
"BART::mc.abart",500,100,51,5102526,2.91537308692932,NA
"SurvivalBART",500,100,52,5202526,0.493491888046265,NA
"SurvivalDART",500,100,52,5202526,0.504073143005371,NA
"HorseTrees",500,100,52,5202526,0.468729972839355,NA
"BART::mc.abart",500,100,52,5202526,2.76292586326599,NA
"SurvivalBART",500,100,53,5302526,0.529058218002319,NA
"SurvivalDART",500,100,53,5302526,0.531850814819336,NA
"HorseTrees",500,100,53,5302526,0.4741051197052,NA
"BART::mc.abart",500,100,53,5302526,2.34963297843933,NA
"SurvivalBART",500,100,54,5402526,0.555367946624756,NA
"SurvivalDART",500,100,54,5402526,0.520446062088013,NA
"HorseTrees",500,100,54,5402526,0.51132607460022,NA
"BART::mc.abart",500,100,54,5402526,2.52249217033386,NA
"SurvivalBART",500,100,55,5502526,0.50357985496521,NA
"SurvivalDART",500,100,55,5502526,0.497092008590698,NA
"HorseTrees",500,100,55,5502526,0.48942494392395,NA
"BART::mc.abart",500,100,55,5502526,2.98043203353882,NA
"SurvivalBART",500,100,56,5602526,0.554008960723877,NA
"SurvivalDART",500,100,56,5602526,0.53402590751648,NA
"HorseTrees",500,100,56,5602526,0.503107786178589,NA
"BART::mc.abart",500,100,56,5602526,2.4081859588623,NA
"SurvivalBART",500,100,57,5702526,0.523681879043579,NA
"SurvivalDART",500,100,57,5702526,0.531254053115845,NA
"HorseTrees",500,100,57,5702526,0.490411996841431,NA
"BART::mc.abart",500,100,57,5702526,2.54369688034058,NA
"SurvivalBART",500,100,58,5802526,0.462466955184937,NA
"SurvivalDART",500,100,58,5802526,0.487825870513916,NA
"HorseTrees",500,100,58,5802526,0.446835994720459,NA
"BART::mc.abart",500,100,58,5802526,2.31427407264709,NA
"SurvivalBART",500,100,59,5902526,0.441425085067749,NA
"SurvivalDART",500,100,59,5902526,0.454267978668213,NA
"HorseTrees",500,100,59,5902526,0.431757926940918,NA
"BART::mc.abart",500,100,59,5902526,2.1114821434021,NA
"SurvivalBART",500,100,60,6002526,0.464154005050659,NA
"SurvivalDART",500,100,60,6002526,0.490483045578003,NA
"HorseTrees",500,100,60,6002526,0.446423053741455,NA
"BART::mc.abart",500,100,60,6002526,2.08150291442871,NA
"SurvivalBART",500,100,61,6102526,0.471566915512085,NA
"SurvivalDART",500,100,61,6102526,0.467236042022705,NA
"HorseTrees",500,100,61,6102526,0.435739994049072,NA
"BART::mc.abart",500,100,61,6102526,2.16292405128479,NA
"SurvivalBART",500,100,62,6202526,0.467824935913086,NA
"SurvivalDART",500,100,62,6202526,0.483566999435425,NA
"HorseTrees",500,100,62,6202526,0.459033012390137,NA
"BART::mc.abart",500,100,62,6202526,2.04467296600342,NA
"SurvivalBART",500,100,63,6302526,0.465576887130737,NA
"SurvivalDART",500,100,63,6302526,0.483936071395874,NA
"HorseTrees",500,100,63,6302526,0.479937076568604,NA
"BART::mc.abart",500,100,63,6302526,2.05874085426331,NA
"SurvivalBART",500,100,64,6402526,0.454452991485596,NA
"SurvivalDART",500,100,64,6402526,0.482940912246704,NA
"HorseTrees",500,100,64,6402526,0.490449905395508,NA
"BART::mc.abart",500,100,64,6402526,2.32057809829712,NA
"SurvivalBART",500,100,65,6502526,0.471296072006226,NA
"SurvivalDART",500,100,65,6502526,0.504188060760498,NA
"HorseTrees",500,100,65,6502526,0.485167026519775,NA
"BART::mc.abart",500,100,65,6502526,2.29706311225891,NA
"SurvivalBART",500,100,66,6602526,0.480698823928833,NA
"SurvivalDART",500,100,66,6602526,0.492189168930054,NA
"HorseTrees",500,100,66,6602526,0.476702928543091,NA
"BART::mc.abart",500,100,66,6602526,2.11464500427246,NA
"SurvivalBART",500,100,67,6702526,0.468725919723511,NA
"SurvivalDART",500,100,67,6702526,0.491295099258423,NA
"HorseTrees",500,100,67,6702526,0.47506594657898,NA
"BART::mc.abart",500,100,67,6702526,2.13012099266052,NA
"SurvivalBART",500,100,68,6802526,0.464509963989258,NA
"SurvivalDART",500,100,68,6802526,0.48873496055603,NA
"HorseTrees",500,100,68,6802526,0.484442949295044,NA
"BART::mc.abart",500,100,68,6802526,2.10398101806641,NA
"SurvivalBART",500,100,69,6902526,0.45894193649292,NA
"SurvivalDART",500,100,69,6902526,0.48011302947998,NA
"HorseTrees",500,100,69,6902526,0.48992395401001,NA
"BART::mc.abart",500,100,69,6902526,2.06691002845764,NA
"SurvivalBART",500,100,70,7002526,0.472860097885132,NA
"SurvivalDART",500,100,70,7002526,0.500921010971069,NA
"HorseTrees",500,100,70,7002526,0.649354934692383,NA
"BART::mc.abart",500,100,70,7002526,3.25790500640869,NA
"SurvivalBART",500,100,71,7102526,0.567541837692261,NA
"SurvivalDART",500,100,71,7102526,0.580560922622681,NA
"HorseTrees",500,100,71,7102526,0.82541012763977,NA
"BART::mc.abart",500,100,71,7102526,9.11300897598267,NA
"SurvivalBART",500,100,72,7202526,0.479319095611572,NA
"SurvivalDART",500,100,72,7202526,0.492577075958252,NA
"HorseTrees",500,100,72,7202526,0.593873977661133,NA
"BART::mc.abart",500,100,72,7202526,2.95880484580994,NA
"SurvivalBART",500,100,73,7302526,0.620666027069092,NA
"SurvivalDART",500,100,73,7302526,0.499412059783936,NA
"HorseTrees",500,100,73,7302526,0.518553972244263,NA
"BART::mc.abart",500,100,73,7302526,2.62109899520874,NA
"SurvivalBART",500,100,74,7402526,0.496799945831299,NA
"SurvivalDART",500,100,74,7402526,0.521125078201294,NA
"HorseTrees",500,100,74,7402526,0.544790029525757,NA
"BART::mc.abart",500,100,74,7402526,3.35128998756409,NA
"SurvivalBART",500,100,75,7502526,0.839442014694214,NA
"SurvivalDART",500,100,75,7502526,0.826808214187622,NA
"HorseTrees",500,100,75,7502526,0.748081922531128,NA
"BART::mc.abart",500,100,75,7502526,2.95526885986328,NA
"SurvivalBART",500,100,76,7602526,0.487364053726196,NA
"SurvivalDART",500,100,76,7602526,0.502679109573364,NA
"HorseTrees",500,100,76,7602526,0.50785493850708,NA
"BART::mc.abart",500,100,76,7602526,2.6963210105896,NA
"SurvivalBART",500,100,77,7702526,0.483211994171143,NA
"SurvivalDART",500,100,77,7702526,0.507828950881958,NA
"HorseTrees",500,100,77,7702526,0.492902040481567,NA
"BART::mc.abart",500,100,77,7702526,3.067950963974,NA
"SurvivalBART",500,100,78,7802526,0.481571912765503,NA
"SurvivalDART",500,100,78,7802526,0.538450956344604,NA
"HorseTrees",500,100,78,7802526,0.515731811523438,NA
"BART::mc.abart",500,100,78,7802526,2.33462190628052,NA
"SurvivalBART",500,100,79,7902526,0.478416919708252,NA
"SurvivalDART",500,100,79,7902526,0.487064123153687,NA
"HorseTrees",500,100,79,7902526,0.453821897506714,NA
"BART::mc.abart",500,100,79,7902526,2.1747510433197,NA
"SurvivalBART",500,100,80,8002526,0.48086404800415,NA
"SurvivalDART",500,100,80,8002526,0.502561092376709,NA
"HorseTrees",500,100,80,8002526,0.464345932006836,NA
"BART::mc.abart",500,100,80,8002526,2.70990681648254,NA
"SurvivalBART",500,100,81,8102526,0.474539995193481,NA
"SurvivalDART",500,100,81,8102526,0.517295122146606,NA
"HorseTrees",500,100,81,8102526,0.486541986465454,NA
"BART::mc.abart",500,100,81,8102526,3.16109013557434,NA
"SurvivalBART",500,100,82,8202526,0.50344705581665,NA
"SurvivalDART",500,100,82,8202526,0.494266033172607,NA
"HorseTrees",500,100,82,8202526,0.522488117218018,NA
"BART::mc.abart",500,100,82,8202526,2.88582611083984,NA
"SurvivalBART",500,100,83,8302526,0.437636852264404,NA
"SurvivalDART",500,100,83,8302526,0.502315998077393,NA
"HorseTrees",500,100,83,8302526,0.49172306060791,NA
"BART::mc.abart",500,100,83,8302526,3.67078399658203,NA
"SurvivalBART",500,100,84,8402526,0.624711990356445,NA
"SurvivalDART",500,100,84,8402526,0.852566957473755,NA
"HorseTrees",500,100,84,8402526,0.649657011032104,NA
"BART::mc.abart",500,100,84,8402526,12.822014093399,NA
"SurvivalBART",500,100,85,8502526,0.666659116744995,NA
"SurvivalDART",500,100,85,8502526,0.839063882827759,NA
"HorseTrees",500,100,85,8502526,0.910392045974731,NA
"BART::mc.abart",500,100,85,8502526,5.04690289497375,NA
"SurvivalBART",500,100,86,8602526,0.627181053161621,NA
"SurvivalDART",500,100,86,8602526,0.54131007194519,NA
"HorseTrees",500,100,86,8602526,0.549870014190674,NA
"BART::mc.abart",500,100,86,8602526,2.34030294418335,NA
"SurvivalBART",500,100,87,8702526,0.468924045562744,NA
"SurvivalDART",500,100,87,8702526,0.646530866622925,NA
"HorseTrees",500,100,87,8702526,0.545695066452026,NA
"BART::mc.abart",500,100,87,8702526,2.6385760307312,NA
"SurvivalBART",500,100,88,8802526,0.478219032287598,NA
"SurvivalDART",500,100,88,8802526,0.504043102264404,NA
"HorseTrees",500,100,88,8802526,0.515655040740967,NA
"BART::mc.abart",500,100,88,8802526,2.64832782745361,NA
"SurvivalBART",500,100,89,8902526,0.482003927230835,NA
"SurvivalDART",500,100,89,8902526,0.518656015396118,NA
"HorseTrees",500,100,89,8902526,0.53902006149292,NA
"BART::mc.abart",500,100,89,8902526,2.54290008544922,NA
"SurvivalBART",500,100,90,9002526,0.505379915237427,NA
"SurvivalDART",500,100,90,9002526,0.505196809768677,NA
"HorseTrees",500,100,90,9002526,0.510333061218262,NA
"BART::mc.abart",500,100,90,9002526,2.63417196273804,NA
"SurvivalBART",500,100,91,9102526,0.522230863571167,NA
"SurvivalDART",500,100,91,9102526,0.723084926605225,NA
"HorseTrees",500,100,91,9102526,1.12000298500061,NA
"BART::mc.abart",500,100,91,9102526,4.25750994682312,NA
"SurvivalBART",500,100,92,9202526,0.56859016418457,NA
"SurvivalDART",500,100,92,9202526,0.703665971755981,NA
"HorseTrees",500,100,92,9202526,0.585464000701904,NA
"BART::mc.abart",500,100,92,9202526,3.19120001792908,NA
"SurvivalBART",500,100,93,9302526,0.487715005874634,NA
"SurvivalDART",500,100,93,9302526,0.526477098464966,NA
"HorseTrees",500,100,93,9302526,0.550696849822998,NA
"BART::mc.abart",500,100,93,9302526,2.72583103179932,NA
"SurvivalBART",500,100,94,9402526,0.522918939590454,NA
"SurvivalDART",500,100,94,9402526,0.542779207229614,NA
"HorseTrees",500,100,94,9402526,0.52149486541748,NA
"BART::mc.abart",500,100,94,9402526,2.74735903739929,NA
"SurvivalBART",500,100,95,9502526,0.53024411201477,NA
"SurvivalDART",500,100,95,9502526,0.545384883880615,NA
"HorseTrees",500,100,95,9502526,0.530863046646118,NA
"BART::mc.abart",500,100,95,9502526,2.46484684944153,NA
"SurvivalBART",500,100,96,9602526,0.511537075042725,NA
"SurvivalDART",500,100,96,9602526,0.571640968322754,NA
"HorseTrees",500,100,96,9602526,0.542920112609863,NA
"BART::mc.abart",500,100,96,9602526,2.97863006591797,NA
"SurvivalBART",500,100,97,9702526,0.515813112258911,NA
"SurvivalDART",500,100,97,9702526,0.548680067062378,NA
"HorseTrees",500,100,97,9702526,0.524730920791626,NA
"BART::mc.abart",500,100,97,9702526,2.53016209602356,NA
"SurvivalBART",500,100,98,9802526,0.506755113601685,NA
"SurvivalDART",500,100,98,9802526,0.565838813781738,NA
"HorseTrees",500,100,98,9802526,0.539096832275391,NA
"BART::mc.abart",500,100,98,9802526,2.42925500869751,NA
"SurvivalBART",500,100,99,9902526,0.510118007659912,NA
"SurvivalDART",500,100,99,9902526,0.537531852722168,NA
"HorseTrees",500,100,99,9902526,0.549170970916748,NA
"BART::mc.abart",500,100,99,9902526,2.38900017738342,NA
"SurvivalBART",500,100,100,10002526,0.594933032989502,NA
"SurvivalDART",500,100,100,10002526,0.54214596748352,NA
"HorseTrees",500,100,100,10002526,0.55536413192749,NA
"BART::mc.abart",500,100,100,10002526,3.16374182701111,NA
"SurvivalBART",1000,100,1,103026,0.983418941497803,NA
"SurvivalDART",1000,100,1,103026,0.989243030548096,NA
"HorseTrees",1000,100,1,103026,0.886936902999878,NA
"BART::mc.abart",1000,100,1,103026,6.5009880065918,NA
"SurvivalBART",1000,100,2,203026,1.05578899383545,NA
"SurvivalDART",1000,100,2,203026,0.990931034088135,NA
"HorseTrees",1000,100,2,203026,0.900938034057617,NA
"BART::mc.abart",1000,100,2,203026,6.23382902145386,NA
"SurvivalBART",1000,100,3,303026,1.34027290344238,NA
"SurvivalDART",1000,100,3,303026,1.45532011985779,NA
"HorseTrees",1000,100,3,303026,1.21925687789917,NA
"BART::mc.abart",1000,100,3,303026,9.85313296318054,NA
"SurvivalBART",1000,100,4,403026,1.08727502822876,NA
"SurvivalDART",1000,100,4,403026,1.12663292884827,NA
"HorseTrees",1000,100,4,403026,1.21026420593262,NA
"BART::mc.abart",1000,100,4,403026,7.6554639339447,NA
"SurvivalBART",1000,100,5,503026,1.04144811630249,NA
"SurvivalDART",1000,100,5,503026,1.08837008476257,NA
"HorseTrees",1000,100,5,503026,0.91830587387085,NA
"BART::mc.abart",1000,100,5,503026,7.52902007102966,NA
"SurvivalBART",1000,100,6,603026,1.09231114387512,NA
"SurvivalDART",1000,100,6,603026,0.956038951873779,NA
"HorseTrees",1000,100,6,603026,0.829674005508423,NA
"BART::mc.abart",1000,100,6,603026,5.35148501396179,NA
"SurvivalBART",1000,100,7,703026,0.971175909042358,NA
"SurvivalDART",1000,100,7,703026,0.985679149627686,NA
"HorseTrees",1000,100,7,703026,0.901876926422119,NA
"BART::mc.abart",1000,100,7,703026,7.32205200195312,NA
"SurvivalBART",1000,100,8,803026,1.84691095352173,NA
"SurvivalDART",1000,100,8,803026,1.27608323097229,NA
"HorseTrees",1000,100,8,803026,0.875574827194214,NA
"BART::mc.abart",1000,100,8,803026,5.75617599487305,NA
"SurvivalBART",1000,100,9,903026,1.60412311553955,NA
"SurvivalDART",1000,100,9,903026,1.28850102424622,NA
"HorseTrees",1000,100,9,903026,1.16854500770569,NA
"BART::mc.abart",1000,100,9,903026,8.28685998916626,NA
"SurvivalBART",1000,100,10,1003026,1.90196204185486,NA
"SurvivalDART",1000,100,10,1003026,1.22465491294861,NA
"HorseTrees",1000,100,10,1003026,0.88745903968811,NA
"BART::mc.abart",1000,100,10,1003026,5.95559811592102,NA
"SurvivalBART",1000,100,11,1103026,1.41351294517517,NA
"SurvivalDART",1000,100,11,1103026,1.56099581718445,NA
"HorseTrees",1000,100,11,1103026,0.974538087844849,NA
"BART::mc.abart",1000,100,11,1103026,6.41397094726562,NA
"SurvivalBART",1000,100,12,1203026,1.32891798019409,NA
"SurvivalDART",1000,100,12,1203026,1.26633405685425,NA
"HorseTrees",1000,100,12,1203026,0.899784088134766,NA
"BART::mc.abart",1000,100,12,1203026,6.18884611129761,NA
"SurvivalBART",1000,100,13,1303026,1.53393602371216,NA
"SurvivalDART",1000,100,13,1303026,1.15578413009644,NA
"HorseTrees",1000,100,13,1303026,1.00260400772095,NA
"BART::mc.abart",1000,100,13,1303026,6.94771385192871,NA
"SurvivalBART",1000,100,14,1403026,1.36255383491516,NA
"SurvivalDART",1000,100,14,1403026,1.04782509803772,NA
"HorseTrees",1000,100,14,1403026,0.858345985412598,NA
"BART::mc.abart",1000,100,14,1403026,4.71158719062805,NA
"SurvivalBART",1000,100,15,1503026,1.25115895271301,NA
"SurvivalDART",1000,100,15,1503026,1.00385999679565,NA
"HorseTrees",1000,100,15,1503026,0.925836801528931,NA
"BART::mc.abart",1000,100,15,1503026,5.43376207351685,NA
"SurvivalBART",1000,100,16,1603026,1.25251913070679,NA
"SurvivalDART",1000,100,16,1603026,1.21733093261719,NA
"HorseTrees",1000,100,16,1603026,0.855951070785522,NA
"BART::mc.abart",1000,100,16,1603026,4.90218496322632,NA
"SurvivalBART",1000,100,17,1703026,1.38437581062317,NA
"SurvivalDART",1000,100,17,1703026,1.22757005691528,NA
"HorseTrees",1000,100,17,1703026,0.857143878936768,NA
"BART::mc.abart",1000,100,17,1703026,5.22991490364075,NA
"SurvivalBART",1000,100,18,1803026,1.08024787902832,NA
"SurvivalDART",1000,100,18,1803026,1.0653829574585,NA
"HorseTrees",1000,100,18,1803026,0.894324064254761,NA
"BART::mc.abart",1000,100,18,1803026,4.88319802284241,NA
"SurvivalBART",1000,100,19,1903026,1.08960199356079,NA
"SurvivalDART",1000,100,19,1903026,1.10223197937012,NA
"HorseTrees",1000,100,19,1903026,1.13501596450806,NA
"BART::mc.abart",1000,100,19,1903026,5.90008401870728,NA
"SurvivalBART",1000,100,20,2003026,2.56418299674988,NA
"SurvivalDART",1000,100,20,2003026,1.74217700958252,NA
"HorseTrees",1000,100,20,2003026,1.43707585334778,NA
"BART::mc.abart",1000,100,20,2003026,8.33665609359741,NA
"SurvivalBART",1000,100,21,2103026,1.40562391281128,NA
"SurvivalDART",1000,100,21,2103026,1.3239471912384,NA
"HorseTrees",1000,100,21,2103026,1.12972116470337,NA
"BART::mc.abart",1000,100,21,2103026,15.2165291309357,NA
"SurvivalBART",1000,100,22,2203026,1.532222032547,NA
"SurvivalDART",1000,100,22,2203026,1.38757395744324,NA
"HorseTrees",1000,100,22,2203026,3.54467296600342,NA
"BART::mc.abart",1000,100,22,2203026,6.43154692649841,NA
"SurvivalBART",1000,100,23,2303026,0.886965990066528,NA
"SurvivalDART",1000,100,23,2303026,1.10672783851624,NA
"HorseTrees",1000,100,23,2303026,1.54772710800171,NA
"BART::mc.abart",1000,100,23,2303026,5.61549401283264,NA
"SurvivalBART",1000,100,24,2403026,1.23639988899231,NA
"SurvivalDART",1000,100,24,2403026,1.09417390823364,NA
"HorseTrees",1000,100,24,2403026,1.17075395584106,NA
"BART::mc.abart",1000,100,24,2403026,7.14570903778076,NA
"SurvivalBART",1000,100,25,2503026,1.24970889091492,NA
"SurvivalDART",1000,100,25,2503026,1.1117000579834,NA
"HorseTrees",1000,100,25,2503026,0.846230030059814,NA
"BART::mc.abart",1000,100,25,2503026,7.03425598144531,NA
"SurvivalBART",1000,100,26,2603026,1.04860615730286,NA
"SurvivalDART",1000,100,26,2603026,1.0750789642334,NA
"HorseTrees",1000,100,26,2603026,0.918310165405273,NA
"BART::mc.abart",1000,100,26,2603026,7.0828640460968,NA
"SurvivalBART",1000,100,27,2703026,1.20858120918274,NA
"SurvivalDART",1000,100,27,2703026,1.44295716285706,NA
"HorseTrees",1000,100,27,2703026,1.4130129814148,NA
"BART::mc.abart",1000,100,27,2703026,6.38957095146179,NA
"SurvivalBART",1000,100,28,2803026,1.01664614677429,NA
"SurvivalDART",1000,100,28,2803026,1.16812109947205,NA
"HorseTrees",1000,100,28,2803026,0.985142946243286,NA
"BART::mc.abart",1000,100,28,2803026,6.89856910705566,NA
"SurvivalBART",1000,100,29,2903026,1.01366209983826,NA
"SurvivalDART",1000,100,29,2903026,1.09391903877258,NA
"HorseTrees",1000,100,29,2903026,0.996140956878662,NA
"BART::mc.abart",1000,100,29,2903026,5.36175894737244,NA
"SurvivalBART",1000,100,30,3003026,1.12208104133606,NA
"SurvivalDART",1000,100,30,3003026,1.10047698020935,NA
"HorseTrees",1000,100,30,3003026,0.918617010116577,NA
"BART::mc.abart",1000,100,30,3003026,6.72404885292053,NA
"SurvivalBART",1000,100,31,3103026,1.19059896469116,NA
"SurvivalDART",1000,100,31,3103026,1.23952603340149,NA
"HorseTrees",1000,100,31,3103026,1.01988983154297,NA
"BART::mc.abart",1000,100,31,3103026,6.64267706871033,NA
"SurvivalBART",1000,100,32,3203026,1.17711901664734,NA
"SurvivalDART",1000,100,32,3203026,1.28164911270142,NA
"HorseTrees",1000,100,32,3203026,1.15349698066711,NA
"BART::mc.abart",1000,100,32,3203026,6.24376106262207,NA
"SurvivalBART",1000,100,33,3303026,1.20321297645569,NA
"SurvivalDART",1000,100,33,3303026,1.15768384933472,NA
"HorseTrees",1000,100,33,3303026,1.18288493156433,NA
"BART::mc.abart",1000,100,33,3303026,8.83737015724182,NA
"SurvivalBART",1000,100,34,3403026,1.12984490394592,NA
"SurvivalDART",1000,100,34,3403026,1.1927981376648,NA
"HorseTrees",1000,100,34,3403026,1.19642901420593,NA
"BART::mc.abart",1000,100,34,3403026,5.44864201545715,NA
"SurvivalBART",1000,100,35,3503026,0.96180009841919,NA
"SurvivalDART",1000,100,35,3503026,1.01644396781921,NA
"HorseTrees",1000,100,35,3503026,1.06896114349365,NA
"BART::mc.abart",1000,100,35,3503026,8.29399704933167,NA
"SurvivalBART",1000,100,36,3603026,1.25634098052979,NA
"SurvivalDART",1000,100,36,3603026,1.29481887817383,NA
"HorseTrees",1000,100,36,3603026,1.08073210716248,NA
"BART::mc.abart",1000,100,36,3603026,9.84997010231018,NA
"SurvivalBART",1000,100,37,3703026,1.64625906944275,NA
"SurvivalDART",1000,100,37,3703026,1.17473602294922,NA
"HorseTrees",1000,100,37,3703026,0.89969801902771,NA
"BART::mc.abart",1000,100,37,3703026,7.49462819099426,NA
"SurvivalBART",1000,100,38,3803026,1.0225510597229,NA
"SurvivalDART",1000,100,38,3803026,1.09054207801819,NA
"HorseTrees",1000,100,38,3803026,1.04859614372253,NA
"BART::mc.abart",1000,100,38,3803026,6.05354404449463,NA
"SurvivalBART",1000,100,39,3903026,1.01095914840698,NA
"SurvivalDART",1000,100,39,3903026,1.10594582557678,NA
"HorseTrees",1000,100,39,3903026,1.03005695343018,NA
"BART::mc.abart",1000,100,39,3903026,5.8187370300293,NA
"SurvivalBART",1000,100,40,4003026,1.0719199180603,NA
"SurvivalDART",1000,100,40,4003026,1.02895712852478,NA
"HorseTrees",1000,100,40,4003026,0.934117078781128,NA
"BART::mc.abart",1000,100,40,4003026,6.1735532283783,NA
"SurvivalBART",1000,100,41,4103026,1.15450310707092,NA
"SurvivalDART",1000,100,41,4103026,1.12932515144348,NA
"HorseTrees",1000,100,41,4103026,0.904741048812866,NA
"BART::mc.abart",1000,100,41,4103026,6.23405504226685,NA
"SurvivalBART",1000,100,42,4203026,1.16634011268616,NA
"SurvivalDART",1000,100,42,4203026,1.10465288162231,NA
"HorseTrees",1000,100,42,4203026,0.906070947647095,NA
"BART::mc.abart",1000,100,42,4203026,5.12088179588318,NA
"SurvivalBART",1000,100,43,4303026,1.3161449432373,NA
"SurvivalDART",1000,100,43,4303026,1.12388181686401,NA
"HorseTrees",1000,100,43,4303026,0.931158065795898,NA
"BART::mc.abart",1000,100,43,4303026,6.47375297546387,NA
"SurvivalBART",1000,100,44,4403026,1.3017201423645,NA
"SurvivalDART",1000,100,44,4403026,1.28737306594849,NA
"HorseTrees",1000,100,44,4403026,1.12185883522034,NA
"BART::mc.abart",1000,100,44,4403026,6.92147302627563,NA
"SurvivalBART",1000,100,45,4503026,1.25084590911865,NA
"SurvivalDART",1000,100,45,4503026,1.13763403892517,NA
"HorseTrees",1000,100,45,4503026,1.04627990722656,NA
"BART::mc.abart",1000,100,45,4503026,5.98188710212708,NA
"SurvivalBART",1000,100,46,4603026,1.23829317092896,NA
"SurvivalDART",1000,100,46,4603026,1.11399292945862,NA
"HorseTrees",1000,100,46,4603026,0.935458898544312,NA
"BART::mc.abart",1000,100,46,4603026,5.99554705619812,NA
"SurvivalBART",1000,100,47,4703026,1.05960488319397,NA
"SurvivalDART",1000,100,47,4703026,1.11939692497253,NA
"HorseTrees",1000,100,47,4703026,1.03730416297913,NA
"BART::mc.abart",1000,100,47,4703026,5.00763511657715,NA
"SurvivalBART",1000,100,48,4803026,0.994257926940918,NA
"SurvivalDART",1000,100,48,4803026,1.12871980667114,NA
"HorseTrees",1000,100,48,4803026,1.09525990486145,NA
"BART::mc.abart",1000,100,48,4803026,7.58393216133118,NA
"SurvivalBART",1000,100,49,4903026,1.39975500106812,NA
"SurvivalDART",1000,100,49,4903026,1.37569189071655,NA
"HorseTrees",1000,100,49,4903026,1.5844578742981,NA
"BART::mc.abart",1000,100,49,4903026,17.7668199539185,NA
"SurvivalBART",1000,100,50,5003026,1.74586796760559,NA
"SurvivalDART",1000,100,50,5003026,1.13167309761047,NA
"HorseTrees",1000,100,50,5003026,1.02768206596375,NA
"BART::mc.abart",1000,100,50,5003026,10.2748470306396,NA
"SurvivalBART",1000,100,51,5103026,1.40151691436768,NA
"SurvivalDART",1000,100,51,5103026,1.30732893943787,NA
"HorseTrees",1000,100,51,5103026,1.37389898300171,NA
"BART::mc.abart",1000,100,51,5103026,15.039470911026,NA
"SurvivalBART",1000,100,52,5203026,1.18358206748962,NA
"SurvivalDART",1000,100,52,5203026,1.08610391616821,NA
"HorseTrees",1000,100,52,5203026,0.9286789894104,NA
"BART::mc.abart",1000,100,52,5203026,8.54877495765686,NA
"SurvivalBART",1000,100,53,5303026,1.33271408081055,NA
"SurvivalDART",1000,100,53,5303026,1.2094419002533,NA
"HorseTrees",1000,100,53,5303026,1.0457808971405,NA
"BART::mc.abart",1000,100,53,5303026,7.15893793106079,NA
"SurvivalBART",1000,100,54,5403026,1.36240720748901,NA
"SurvivalDART",1000,100,54,5403026,1.39278984069824,NA
"HorseTrees",1000,100,54,5403026,1.30239200592041,NA
"BART::mc.abart",1000,100,54,5403026,8.53649401664734,NA
"SurvivalBART",1000,100,55,5503026,1.21114301681519,NA
"SurvivalDART",1000,100,55,5503026,1.15093088150024,NA
"HorseTrees",1000,100,55,5503026,0.997911930084229,NA
"BART::mc.abart",1000,100,55,5503026,9.86712121963501,NA
"SurvivalBART",1000,100,56,5603026,1.37730884552002,NA
"SurvivalDART",1000,100,56,5603026,1.24481606483459,NA
"HorseTrees",1000,100,56,5603026,1.40600895881653,NA
"BART::mc.abart",1000,100,56,5603026,7.28661179542542,NA
"SurvivalBART",1000,100,57,5703026,1.2585608959198,NA
"SurvivalDART",1000,100,57,5703026,1.19290399551392,NA
"HorseTrees",1000,100,57,5703026,1.05205893516541,NA
"BART::mc.abart",1000,100,57,5703026,7.3149938583374,NA
"SurvivalBART",1000,100,58,5803026,1.20020818710327,NA
"SurvivalDART",1000,100,58,5803026,1.1597638130188,NA
"HorseTrees",1000,100,58,5803026,0.990589141845703,NA
"BART::mc.abart",1000,100,58,5803026,6.91960215568542,NA
"SurvivalBART",1000,100,59,5903026,1.08468699455261,NA
"SurvivalDART",1000,100,59,5903026,1.08640289306641,NA
"HorseTrees",1000,100,59,5903026,1.19346618652344,NA
"BART::mc.abart",1000,100,59,5903026,5.84220004081726,NA
"SurvivalBART",1000,100,60,6003026,1.12166786193848,NA
"SurvivalDART",1000,100,60,6003026,1.16104316711426,NA
"HorseTrees",1000,100,60,6003026,0.94071102142334,NA
"BART::mc.abart",1000,100,60,6003026,6.57371306419373,NA
"SurvivalBART",1000,100,61,6103026,1.46501302719116,NA
"SurvivalDART",1000,100,61,6103026,1.74126791954041,NA
"HorseTrees",1000,100,61,6103026,1.87882709503174,NA
"BART::mc.abart",1000,100,61,6103026,9.38625597953796,NA
"SurvivalBART",1000,100,62,6203026,2.98668098449707,NA
"SurvivalDART",1000,100,62,6203026,1.68421602249146,NA
"HorseTrees",1000,100,62,6203026,1.52323794364929,NA
"BART::mc.abart",1000,100,62,6203026,27.0762529373169,NA
"SurvivalBART",1000,100,63,6303026,1.42884802818298,NA
"SurvivalDART",1000,100,63,6303026,1.2442729473114,NA
"HorseTrees",1000,100,63,6303026,1.08069705963135,NA
"BART::mc.abart",1000,100,63,6303026,6.66911888122559,NA
"SurvivalBART",1000,100,64,6403026,1.32028007507324,NA
"SurvivalDART",1000,100,64,6403026,1.1312952041626,NA
"HorseTrees",1000,100,64,6403026,0.88468599319458,NA
"BART::mc.abart",1000,100,64,6403026,4.79629802703857,NA
"SurvivalBART",1000,100,65,6503026,1.17938590049744,NA
"SurvivalDART",1000,100,65,6503026,1.11002492904663,NA
"HorseTrees",1000,100,65,6503026,0.915467977523804,NA
"BART::mc.abart",1000,100,65,6503026,5.8609049320221,NA
"SurvivalBART",1000,100,66,6603026,1.11051487922668,NA
"SurvivalDART",1000,100,66,6603026,1.0182991027832,NA
"HorseTrees",1000,100,66,6603026,0.964906930923462,NA
"BART::mc.abart",1000,100,66,6603026,5.92934584617615,NA
"SurvivalBART",1000,100,67,6703026,1.35764598846436,NA
"SurvivalDART",1000,100,67,6703026,1.08150601387024,NA
"HorseTrees",1000,100,67,6703026,0.933007955551147,NA
"BART::mc.abart",1000,100,67,6703026,6.15957808494568,NA
"SurvivalBART",1000,100,68,6803026,1.53377199172974,NA
"SurvivalDART",1000,100,68,6803026,1.13474702835083,NA
"HorseTrees",1000,100,68,6803026,0.979937076568604,NA
"BART::mc.abart",1000,100,68,6803026,9.2438440322876,NA
"SurvivalBART",1000,100,69,6903026,1.19241881370544,NA
"SurvivalDART",1000,100,69,6903026,1.1404972076416,NA
"HorseTrees",1000,100,69,6903026,1.05930781364441,NA
"BART::mc.abart",1000,100,69,6903026,6.49845719337463,NA
"SurvivalBART",1000,100,70,7003026,1.22410011291504,NA
"SurvivalDART",1000,100,70,7003026,1.07990908622742,NA
"HorseTrees",1000,100,70,7003026,1.17177891731262,NA
"BART::mc.abart",1000,100,70,7003026,6.32478499412537,NA
"SurvivalBART",1000,100,71,7103026,2.63413286209106,NA
"SurvivalDART",1000,100,71,7103026,1.85682606697083,NA
"HorseTrees",1000,100,71,7103026,1.56569886207581,NA
"BART::mc.abart",1000,100,71,7103026,10.4051389694214,NA
"SurvivalBART",1000,100,72,7203026,1.4021589756012,NA
"SurvivalDART",1000,100,72,7203026,1.18813896179199,NA
"HorseTrees",1000,100,72,7203026,0.984049081802368,NA
"BART::mc.abart",1000,100,72,7203026,6.51990509033203,NA
"SurvivalBART",1000,100,73,7303026,1.39971303939819,NA
"SurvivalDART",1000,100,73,7303026,1.16077589988708,NA
"HorseTrees",1000,100,73,7303026,0.998824119567871,NA
"BART::mc.abart",1000,100,73,7303026,7.14734601974487,NA
"SurvivalBART",1000,100,74,7403026,1.20599102973938,NA
"SurvivalDART",1000,100,74,7403026,1.09920501708984,NA
"HorseTrees",1000,100,74,7403026,0.915640115737915,NA
"BART::mc.abart",1000,100,74,7403026,5.7330539226532,NA
"SurvivalBART",1000,100,75,7503026,1.13639283180237,NA
"SurvivalDART",1000,100,75,7503026,1.05918192863464,NA
"HorseTrees",1000,100,75,7503026,0.947855949401855,NA
"BART::mc.abart",1000,100,75,7503026,6.22359108924866,NA
"SurvivalBART",1000,100,76,7603026,1.05892014503479,NA
"SurvivalDART",1000,100,76,7603026,1.14298105239868,NA
"HorseTrees",1000,100,76,7603026,1.05648493766785,NA
"BART::mc.abart",1000,100,76,7603026,5.71446299552917,NA
"SurvivalBART",1000,100,77,7703026,0.961595058441162,NA
"SurvivalDART",1000,100,77,7703026,1.07940888404846,NA
"HorseTrees",1000,100,77,7703026,1.09494686126709,NA
"BART::mc.abart",1000,100,77,7703026,7.15469789505005,NA
"SurvivalBART",1000,100,78,7803026,1.1668062210083,NA
"SurvivalDART",1000,100,78,7803026,1.11320209503174,NA
"HorseTrees",1000,100,78,7803026,0.995413780212402,NA
"BART::mc.abart",1000,100,78,7803026,7.39257907867432,NA
"SurvivalBART",1000,100,79,7903026,1.45542883872986,NA
"SurvivalDART",1000,100,79,7903026,1.24370193481445,NA
"HorseTrees",1000,100,79,7903026,1.01076102256775,NA
"BART::mc.abart",1000,100,79,7903026,7.37622499465942,NA
"SurvivalBART",1000,100,80,8003026,1.00153517723083,NA
"SurvivalDART",1000,100,80,8003026,1.04368996620178,NA
"HorseTrees",1000,100,80,8003026,1.04320693016052,NA
"BART::mc.abart",1000,100,80,8003026,5.53423094749451,NA
"SurvivalBART",1000,100,81,8103026,1.16652083396912,NA
"SurvivalDART",1000,100,81,8103026,1.07577419281006,NA
"HorseTrees",1000,100,81,8103026,0.911938905715942,NA
"BART::mc.abart",1000,100,81,8103026,5.90936613082886,NA
"SurvivalBART",1000,100,82,8203026,1.33154320716858,NA
"SurvivalDART",1000,100,82,8203026,1.16688394546509,NA
"HorseTrees",1000,100,82,8203026,0.984821081161499,NA
"BART::mc.abart",1000,100,82,8203026,6.10214996337891,NA
"SurvivalBART",1000,100,83,8303026,1.2449049949646,NA
"SurvivalDART",1000,100,83,8303026,1.11310410499573,NA
"HorseTrees",1000,100,83,8303026,0.905425071716309,NA
"BART::mc.abart",1000,100,83,8303026,4.78594589233398,NA
"SurvivalBART",1000,100,84,8403026,1.25429892539978,NA
"SurvivalDART",1000,100,84,8403026,1.08964586257935,NA
"HorseTrees",1000,100,84,8403026,0.973505973815918,NA
"BART::mc.abart",1000,100,84,8403026,7.20313096046448,NA
"SurvivalBART",1000,100,85,8503026,1.44629979133606,NA
"SurvivalDART",1000,100,85,8503026,1.21364593505859,NA
"HorseTrees",1000,100,85,8503026,0.996422052383423,NA
"BART::mc.abart",1000,100,85,8503026,6.97987389564514,NA
"SurvivalBART",1000,100,86,8603026,1.10278797149658,NA
"SurvivalDART",1000,100,86,8603026,0.972381830215454,NA
"HorseTrees",1000,100,86,8603026,0.957741022109985,NA
"BART::mc.abart",1000,100,86,8603026,5.95541000366211,NA
"SurvivalBART",1000,100,87,8703026,1.25262808799744,NA
"SurvivalDART",1000,100,87,8703026,1.1032440662384,NA
"HorseTrees",1000,100,87,8703026,0.898591995239258,NA
"BART::mc.abart",1000,100,87,8703026,5.86714911460876,NA
"SurvivalBART",1000,100,88,8803026,1.20444798469543,NA
"SurvivalDART",1000,100,88,8803026,1.02997303009033,NA
"HorseTrees",1000,100,88,8803026,0.845059156417847,NA
"BART::mc.abart",1000,100,88,8803026,5.87879395484924,NA
"SurvivalBART",1000,100,89,8903026,1.74997997283936,NA
"SurvivalDART",1000,100,89,8903026,1.17142701148987,NA
"HorseTrees",1000,100,89,8903026,1.05374503135681,NA
"BART::mc.abart",1000,100,89,8903026,7.65481090545654,NA
"SurvivalBART",1000,100,90,9003026,1.64582014083862,NA
"SurvivalDART",1000,100,90,9003026,1.21899819374084,NA
"HorseTrees",1000,100,90,9003026,1.02702307701111,NA
"BART::mc.abart",1000,100,90,9003026,7.59241199493408,NA
"SurvivalBART",1000,100,91,9103026,1.61672902107239,NA
"SurvivalDART",1000,100,91,9103026,1.20953893661499,NA
"HorseTrees",1000,100,91,9103026,1.02659296989441,NA
"BART::mc.abart",1000,100,91,9103026,12.9283530712128,NA
"SurvivalBART",1000,100,92,9203026,1.35156106948853,NA
"SurvivalDART",1000,100,92,9203026,1.25717997550964,NA
"HorseTrees",1000,100,92,9203026,1.23775410652161,NA
"BART::mc.abart",1000,100,92,9203026,7.30415797233582,NA
"SurvivalBART",1000,100,93,9303026,1.39266800880432,NA
"SurvivalDART",1000,100,93,9303026,1.18521595001221,NA
"HorseTrees",1000,100,93,9303026,1.05107522010803,NA
"BART::mc.abart",1000,100,93,9303026,8.71570801734924,NA
"SurvivalBART",1000,100,94,9403026,1.59409499168396,NA
"SurvivalDART",1000,100,94,9403026,1.35616993904114,NA
"HorseTrees",1000,100,94,9403026,1.25101184844971,NA
"BART::mc.abart",1000,100,94,9403026,7.93866801261902,NA
"SurvivalBART",1000,100,95,9503026,1.37021803855896,NA
"SurvivalDART",1000,100,95,9503026,1.20839405059814,NA
"HorseTrees",1000,100,95,9503026,1.00097894668579,NA
"BART::mc.abart",1000,100,95,9503026,9.95327401161194,NA
"SurvivalBART",1000,100,96,9603026,1.33497405052185,NA
"SurvivalDART",1000,100,96,9603026,1.43595600128174,NA
"HorseTrees",1000,100,96,9603026,1.64461803436279,NA
"BART::mc.abart",1000,100,96,9603026,6.79768204689026,NA
"SurvivalBART",1000,100,97,9703026,1.23067712783813,NA
"SurvivalDART",1000,100,97,9703026,1.20054697990417,NA
"HorseTrees",1000,100,97,9703026,1.11507797241211,NA
"BART::mc.abart",1000,100,97,9703026,7.13289213180542,NA
"SurvivalBART",1000,100,98,9803026,1.25155591964722,NA
"SurvivalDART",1000,100,98,9803026,1.15772414207458,NA
"HorseTrees",1000,100,98,9803026,1.18227505683899,NA
"BART::mc.abart",1000,100,98,9803026,6.49929213523865,NA
"SurvivalBART",1000,100,99,9903026,1.21967887878418,NA
"SurvivalDART",1000,100,99,9903026,1.22295999526978,NA
"HorseTrees",1000,100,99,9903026,1.32619905471802,NA
"BART::mc.abart",1000,100,99,9903026,9.24461507797241,NA
"SurvivalBART",1000,100,100,10003026,1.1637659072876,NA
"SurvivalDART",1000,100,100,10003026,1.16555309295654,NA
"HorseTrees",1000,100,100,10003026,1.01654505729675,NA
"BART::mc.abart",1000,100,100,10003026,8.07724189758301,NA
"SurvivalBART",2000,100,1,104026,2.75144505500793,NA
"SurvivalDART",2000,100,1,104026,2.1903829574585,NA
"HorseTrees",2000,100,1,104026,1.97650599479675,NA
"BART::mc.abart",2000,100,1,104026,19.4952759742737,NA
"SurvivalBART",2000,100,2,204026,2.0305700302124,NA
"SurvivalDART",2000,100,2,204026,2.26261901855469,NA
"HorseTrees",2000,100,2,204026,2.2106659412384,NA
"BART::mc.abart",2000,100,2,204026,18.6743919849396,NA
"SurvivalBART",2000,100,3,304026,2.22573399543762,NA
"SurvivalDART",2000,100,3,304026,2.00410604476929,NA
"HorseTrees",2000,100,3,304026,2.00672316551208,NA
"BART::mc.abart",2000,100,3,304026,11.9443848133087,NA
"SurvivalBART",2000,100,4,404026,1.94251298904419,NA
"SurvivalDART",2000,100,4,404026,1.86025619506836,NA
"HorseTrees",2000,100,4,404026,1.7503969669342,NA
"BART::mc.abart",2000,100,4,404026,11.3743860721588,NA
"SurvivalBART",2000,100,5,504026,1.92628788948059,NA
"SurvivalDART",2000,100,5,504026,1.81233406066895,NA
"HorseTrees",2000,100,5,504026,1.71268510818481,NA
"BART::mc.abart",2000,100,5,504026,12.8490989208221,NA
"SurvivalBART",2000,100,6,604026,1.93830895423889,NA
"SurvivalDART",2000,100,6,604026,1.9637279510498,NA
"HorseTrees",2000,100,6,604026,1.61760997772217,NA
"BART::mc.abart",2000,100,6,604026,14.8486449718475,NA
"SurvivalBART",2000,100,7,704026,2.14029121398926,NA
"SurvivalDART",2000,100,7,704026,2.04533982276917,NA
"HorseTrees",2000,100,7,704026,1.77850008010864,NA
"BART::mc.abart",2000,100,7,704026,12.3595740795135,NA
"SurvivalBART",2000,100,8,804026,2.15534591674805,NA
"SurvivalDART",2000,100,8,804026,1.87872290611267,NA
"HorseTrees",2000,100,8,804026,1.92954897880554,NA
"BART::mc.abart",2000,100,8,804026,13.4354228973389,NA
"SurvivalBART",2000,100,9,904026,1.77754807472229,NA
"SurvivalDART",2000,100,9,904026,1.82682299613953,NA
"HorseTrees",2000,100,9,904026,1.94763493537903,NA
"BART::mc.abart",2000,100,9,904026,12.3129699230194,NA
"SurvivalBART",2000,100,10,1004026,1.88085293769836,NA
"SurvivalDART",2000,100,10,1004026,2.33682608604431,NA
"HorseTrees",2000,100,10,1004026,1.80469608306885,NA
"BART::mc.abart",2000,100,10,1004026,12.4471518993378,NA
"SurvivalBART",2000,100,11,1104026,1.8410918712616,NA
"SurvivalDART",2000,100,11,1104026,2.30781292915344,NA
"HorseTrees",2000,100,11,1104026,2.27656412124634,NA
"BART::mc.abart",2000,100,11,1104026,12.2213160991669,NA
"SurvivalBART",2000,100,12,1204026,1.85828113555908,NA
"SurvivalDART",2000,100,12,1204026,1.9904088973999,NA
"HorseTrees",2000,100,12,1204026,1.61474299430847,NA
"BART::mc.abart",2000,100,12,1204026,11.7780389785767,NA
"SurvivalBART",2000,100,13,1304026,1.88321805000305,NA
"SurvivalDART",2000,100,13,1304026,1.97611093521118,NA
"HorseTrees",2000,100,13,1304026,1.66727614402771,NA
"BART::mc.abart",2000,100,13,1304026,11.555230140686,NA
"SurvivalBART",2000,100,14,1404026,1.84146904945374,NA
"SurvivalDART",2000,100,14,1404026,1.91490793228149,NA
"HorseTrees",2000,100,14,1404026,2.25094103813171,NA
"BART::mc.abart",2000,100,14,1404026,18.9831988811493,NA
"SurvivalBART",2000,100,15,1504026,3.07871198654175,NA
"SurvivalDART",2000,100,15,1504026,2.49889802932739,NA
"HorseTrees",2000,100,15,1504026,2.1350839138031,NA
"BART::mc.abart",2000,100,15,1504026,18.9280099868774,NA
"SurvivalBART",2000,100,16,1604026,1.89587378501892,NA
"SurvivalDART",2000,100,16,1604026,2.02584290504456,NA
"HorseTrees",2000,100,16,1604026,1.78669786453247,NA
"BART::mc.abart",2000,100,16,1604026,12.9229230880737,NA
"SurvivalBART",2000,100,17,1704026,2.77255487442017,NA
"SurvivalDART",2000,100,17,1704026,2.41059803962708,NA
"HorseTrees",2000,100,17,1704026,2.08732485771179,NA
"BART::mc.abart",2000,100,17,1704026,13.8996500968933,NA
"SurvivalBART",2000,100,18,1804026,2.31116008758545,NA
"SurvivalDART",2000,100,18,1804026,2.65768790245056,NA
"HorseTrees",2000,100,18,1804026,2.0992648601532,NA
"BART::mc.abart",2000,100,18,1804026,12.613077878952,NA
"SurvivalBART",2000,100,19,1904026,1.92725896835327,NA
"SurvivalDART",2000,100,19,1904026,2.72851395606995,NA
"HorseTrees",2000,100,19,1904026,3.53699707984924,NA
"BART::mc.abart",2000,100,19,1904026,24.4413299560547,NA
"SurvivalBART",2000,100,20,2004026,2.11416602134705,NA
"SurvivalDART",2000,100,20,2004026,1.87759494781494,NA
"HorseTrees",2000,100,20,2004026,1.93183994293213,NA
"BART::mc.abart",2000,100,20,2004026,22.4653408527374,NA
"SurvivalBART",2000,100,21,2104026,2.56751084327698,NA
"SurvivalDART",2000,100,21,2104026,2.27680492401123,NA
"HorseTrees",2000,100,21,2104026,2.15657711029053,NA
"BART::mc.abart",2000,100,21,2104026,14.4293031692505,NA
"SurvivalBART",2000,100,22,2204026,2.01628804206848,NA
"SurvivalDART",2000,100,22,2204026,2.13325881958008,NA
"HorseTrees",2000,100,22,2204026,1.79726791381836,NA
"BART::mc.abart",2000,100,22,2204026,15.6527769565582,NA
"SurvivalBART",2000,100,23,2304026,2.35007405281067,NA
"SurvivalDART",2000,100,23,2304026,2.17268800735474,NA
"HorseTrees",2000,100,23,2304026,1.72406697273254,NA
"BART::mc.abart",2000,100,23,2304026,12.8787519931793,NA
"SurvivalBART",2000,100,24,2404026,1.73988795280457,NA
"SurvivalDART",2000,100,24,2404026,1.83098387718201,NA
"HorseTrees",2000,100,24,2404026,1.73405694961548,NA
"BART::mc.abart",2000,100,24,2404026,15.3504691123962,NA
"SurvivalBART",2000,100,25,2504026,2.08072686195374,NA
"SurvivalDART",2000,100,25,2504026,2.49442005157471,NA
"HorseTrees",2000,100,25,2504026,2.36337399482727,NA
"BART::mc.abart",2000,100,25,2504026,12.7173540592194,NA
"SurvivalBART",2000,100,26,2604026,2.59109592437744,NA
"SurvivalDART",2000,100,26,2604026,2.12986397743225,NA
"HorseTrees",2000,100,26,2604026,2.25835490226746,NA
"BART::mc.abart",2000,100,26,2604026,17.3346939086914,NA
"SurvivalBART",2000,100,27,2704026,1.83734893798828,NA
"SurvivalDART",2000,100,27,2704026,2.03908014297485,NA
"HorseTrees",2000,100,27,2704026,1.7972400188446,NA
"BART::mc.abart",2000,100,27,2704026,21.4834220409393,NA
"SurvivalBART",2000,100,28,2804026,2.29842901229858,NA
"SurvivalDART",2000,100,28,2804026,2.2152590751648,NA
"HorseTrees",2000,100,28,2804026,1.92748093605042,NA
"BART::mc.abart",2000,100,28,2804026,15.0587999820709,NA
"SurvivalBART",2000,100,29,2904026,2.29148507118225,NA
"SurvivalDART",2000,100,29,2904026,2.91198992729187,NA
"HorseTrees",2000,100,29,2904026,2.07568216323853,NA
"BART::mc.abart",2000,100,29,2904026,21.0916590690613,NA
"SurvivalBART",2000,100,30,3004026,2.13327383995056,NA
"SurvivalDART",2000,100,30,3004026,2.60977911949158,NA
"HorseTrees",2000,100,30,3004026,2.20061206817627,NA
"BART::mc.abart",2000,100,30,3004026,14.0097420215607,NA
"SurvivalBART",2000,100,31,3104026,2.1613187789917,NA
"SurvivalDART",2000,100,31,3104026,1.98913788795471,NA
"HorseTrees",2000,100,31,3104026,1.70117783546448,NA
"BART::mc.abart",2000,100,31,3104026,11.8785121440887,NA
"SurvivalBART",2000,100,32,3204026,2.05370616912842,NA
"SurvivalDART",2000,100,32,3204026,1.92280793190002,NA
"HorseTrees",2000,100,32,3204026,1.71963095664978,NA
"BART::mc.abart",2000,100,32,3204026,20.5619518756866,NA
"SurvivalBART",2000,100,33,3304026,1.75543594360352,NA
"SurvivalDART",2000,100,33,3304026,1.92332816123962,NA
"HorseTrees",2000,100,33,3304026,1.80704283714294,NA
"BART::mc.abart",2000,100,33,3304026,14.2582700252533,NA
"SurvivalBART",2000,100,34,3404026,2.4363260269165,NA
"SurvivalDART",2000,100,34,3404026,2.82015895843506,NA
"HorseTrees",2000,100,34,3404026,1.78017902374268,NA
"BART::mc.abart",2000,100,34,3404026,13.4118070602417,NA
"SurvivalBART",2000,100,35,3504026,2.47966718673706,NA
"SurvivalDART",2000,100,35,3504026,2.11351203918457,NA
"HorseTrees",2000,100,35,3504026,2.44310283660889,NA
"BART::mc.abart",2000,100,35,3504026,20.994166135788,NA
"SurvivalBART",2000,100,36,3604026,2.19164299964905,NA
"SurvivalDART",2000,100,36,3604026,2.04080200195312,NA
"HorseTrees",2000,100,36,3604026,1.9289059638977,NA
"BART::mc.abart",2000,100,36,3604026,14.218808889389,NA
"SurvivalBART",2000,100,37,3704026,2.36898398399353,NA
"SurvivalDART",2000,100,37,3704026,2.47916698455811,NA
"HorseTrees",2000,100,37,3704026,2.51300096511841,NA
"BART::mc.abart",2000,100,37,3704026,14.8359808921814,NA
"SurvivalBART",2000,100,38,3804026,2.36622714996338,NA
"SurvivalDART",2000,100,38,3804026,2.83646202087402,NA
"HorseTrees",2000,100,38,3804026,2.66262006759644,NA
"BART::mc.abart",2000,100,38,3804026,19.8133010864258,NA
"SurvivalBART",2000,100,39,3904026,2.18269896507263,NA
"SurvivalDART",2000,100,39,3904026,2.41193509101868,NA
"HorseTrees",2000,100,39,3904026,2.23706817626953,NA
"BART::mc.abart",2000,100,39,3904026,18.3675479888916,NA
"SurvivalBART",2000,100,40,4004026,2.3687310218811,NA
"SurvivalDART",2000,100,40,4004026,2.2294180393219,NA
"HorseTrees",2000,100,40,4004026,1.80343103408813,NA
"BART::mc.abart",2000,100,40,4004026,17.6955859661102,NA
"SurvivalBART",2000,100,41,4104026,2.61159992218018,NA
"SurvivalDART",2000,100,41,4104026,2.41551399230957,NA
"HorseTrees",2000,100,41,4104026,2.24664378166199,NA
"BART::mc.abart",2000,100,41,4104026,17.6308698654175,NA
"SurvivalBART",2000,100,42,4204026,2.25938105583191,NA
"SurvivalDART",2000,100,42,4204026,2.16387605667114,NA
"HorseTrees",2000,100,42,4204026,1.94168305397034,NA
"BART::mc.abart",2000,100,42,4204026,12.9740798473358,NA
"SurvivalBART",2000,100,43,4304026,2.12552309036255,NA
"SurvivalDART",2000,100,43,4304026,1.83757591247559,NA
"HorseTrees",2000,100,43,4304026,1.82984399795532,NA
"BART::mc.abart",2000,100,43,4304026,11.8051290512085,NA
"SurvivalBART",2000,100,44,4404026,2.15785503387451,NA
"SurvivalDART",2000,100,44,4404026,1.88568592071533,NA
"HorseTrees",2000,100,44,4404026,1.82668900489807,NA
"BART::mc.abart",2000,100,44,4404026,15.5408978462219,NA
"SurvivalBART",2000,100,45,4504026,1.87770390510559,NA
"SurvivalDART",2000,100,45,4504026,1.86800098419189,NA
"HorseTrees",2000,100,45,4504026,1.61396312713623,NA
"BART::mc.abart",2000,100,45,4504026,10.7794580459595,NA
"SurvivalBART",2000,100,46,4604026,1.94562888145447,NA
"SurvivalDART",2000,100,46,4604026,1.83569478988647,NA
"HorseTrees",2000,100,46,4604026,1.61503505706787,NA
"BART::mc.abart",2000,100,46,4604026,13.5638229846954,NA
"SurvivalBART",2000,100,47,4704026,1.99843907356262,NA
"SurvivalDART",2000,100,47,4704026,1.88797807693481,NA
"HorseTrees",2000,100,47,4704026,1.70644092559814,NA
"BART::mc.abart",2000,100,47,4704026,34.8166749477386,NA
"SurvivalBART",2000,100,48,4804026,2.43777179718018,NA
"SurvivalDART",2000,100,48,4804026,2.5154299736023,NA
"HorseTrees",2000,100,48,4804026,2.08416199684143,NA
"BART::mc.abart",2000,100,48,4804026,15.1087031364441,NA
"SurvivalBART",2000,100,49,4904026,2.38530397415161,NA
"SurvivalDART",2000,100,49,4904026,2.50810408592224,NA
"HorseTrees",2000,100,49,4904026,2.71772599220276,NA
"BART::mc.abart",2000,100,49,4904026,14.0309400558472,NA
"SurvivalBART",2000,100,50,5004026,1.8520040512085,NA
"SurvivalDART",2000,100,50,5004026,2.00267100334167,NA
"HorseTrees",2000,100,50,5004026,1.69445991516113,NA
"BART::mc.abart",2000,100,50,5004026,12.8003511428833,NA
"SurvivalBART",2000,100,51,5104026,2.26144003868103,NA
"SurvivalDART",2000,100,51,5104026,1.95290803909302,NA
"HorseTrees",2000,100,51,5104026,2.0696439743042,NA
"BART::mc.abart",2000,100,51,5104026,14.1754550933838,NA
"SurvivalBART",2000,100,52,5204026,1.8979480266571,NA
"SurvivalDART",2000,100,52,5204026,1.75896382331848,NA
"HorseTrees",2000,100,52,5204026,1.67210698127747,NA
"BART::mc.abart",2000,100,52,5204026,10.4313960075378,NA
"SurvivalBART",2000,100,53,5304026,2.07266116142273,NA
"SurvivalDART",2000,100,53,5304026,1.82438087463379,NA
"HorseTrees",2000,100,53,5304026,1.74504709243774,NA
"BART::mc.abart",2000,100,53,5304026,12.5258710384369,NA
"SurvivalBART",2000,100,54,5404026,1.80605006217957,NA
"SurvivalDART",2000,100,54,5404026,1.81891107559204,NA
"HorseTrees",2000,100,54,5404026,1.58043694496155,NA
"BART::mc.abart",2000,100,54,5404026,9.38600897789001,NA
"SurvivalBART",2000,100,55,5504026,1.98128509521484,NA
"SurvivalDART",2000,100,55,5504026,1.89950299263,NA
"HorseTrees",2000,100,55,5504026,1.60517621040344,NA
"BART::mc.abart",2000,100,55,5504026,12.3183801174164,NA
"SurvivalBART",2000,100,56,5604026,1.90609908103943,NA
"SurvivalDART",2000,100,56,5604026,1.97888684272766,NA
"HorseTrees",2000,100,56,5604026,1.66427898406982,NA
"BART::mc.abart",2000,100,56,5604026,12.7601771354675,NA
"SurvivalBART",2000,100,57,5704026,1.90566086769104,NA
"SurvivalDART",2000,100,57,5704026,2.03039813041687,NA
"HorseTrees",2000,100,57,5704026,1.73271298408508,NA
"BART::mc.abart",2000,100,57,5704026,12.8711709976196,NA
"SurvivalBART",2000,100,58,5804026,2.06601405143738,NA
"SurvivalDART",2000,100,58,5804026,1.87837100028992,NA
"HorseTrees",2000,100,58,5804026,1.72534108161926,NA
"BART::mc.abart",2000,100,58,5804026,11.4243311882019,NA
"SurvivalBART",2000,100,59,5904026,1.9263060092926,NA
"SurvivalDART",2000,100,59,5904026,1.78108191490173,NA
"HorseTrees",2000,100,59,5904026,1.58321499824524,NA
"BART::mc.abart",2000,100,59,5904026,13.6810240745544,NA
"SurvivalBART",2000,100,60,6004026,2.503662109375,NA
"SurvivalDART",2000,100,60,6004026,2.20716905593872,NA
"HorseTrees",2000,100,60,6004026,2.23155498504639,NA
"BART::mc.abart",2000,100,60,6004026,14.0528998374939,NA
"SurvivalBART",2000,100,61,6104026,2.03338599205017,NA
"SurvivalDART",2000,100,61,6104026,1.92715311050415,NA
"HorseTrees",2000,100,61,6104026,1.60270500183105,NA
"BART::mc.abart",2000,100,61,6104026,14.4188148975372,NA
"SurvivalBART",2000,100,62,6204026,2.16766905784607,NA
"SurvivalDART",2000,100,62,6204026,2.27372002601624,NA
"HorseTrees",2000,100,62,6204026,2.31570386886597,NA
"BART::mc.abart",2000,100,62,6204026,21.4083278179169,NA
"SurvivalBART",2000,100,63,6304026,2.74743318557739,NA
"SurvivalDART",2000,100,63,6304026,2.6322910785675,NA
"HorseTrees",2000,100,63,6304026,2.22618412971497,NA
"BART::mc.abart",2000,100,63,6304026,12.5706369876862,NA
"SurvivalBART",2000,100,64,6404026,2.06422805786133,NA
"SurvivalDART",2000,100,64,6404026,2.18373394012451,NA
"HorseTrees",2000,100,64,6404026,2.56694197654724,NA
"BART::mc.abart",2000,100,64,6404026,23.8844430446625,NA
"SurvivalBART",2000,100,65,6504026,2.06987190246582,NA
"SurvivalDART",2000,100,65,6504026,2.89368891716003,NA
"HorseTrees",2000,100,65,6504026,1.89101386070251,NA
"BART::mc.abart",2000,100,65,6504026,19.3166830539703,NA
"SurvivalBART",2000,100,66,6604026,2.22282195091248,NA
"SurvivalDART",2000,100,66,6604026,2.39525318145752,NA
"HorseTrees",2000,100,66,6604026,2.04886984825134,NA
"BART::mc.abart",2000,100,66,6604026,13.298271894455,NA
"SurvivalBART",2000,100,67,6704026,2.25075578689575,NA
"SurvivalDART",2000,100,67,6704026,1.95893096923828,NA
"HorseTrees",2000,100,67,6704026,1.87177920341492,NA
"BART::mc.abart",2000,100,67,6704026,11.3910031318665,NA
"SurvivalBART",2000,100,68,6804026,2.81591510772705,NA
"SurvivalDART",2000,100,68,6804026,2.99882197380066,NA
"HorseTrees",2000,100,68,6804026,2.02933812141418,NA
"BART::mc.abart",2000,100,68,6804026,12.5272219181061,NA
"SurvivalBART",2000,100,69,6904026,1.90801215171814,NA
"SurvivalDART",2000,100,69,6904026,1.81847095489502,NA
"HorseTrees",2000,100,69,6904026,1.75542712211609,NA
"BART::mc.abart",2000,100,69,6904026,11.1495130062103,NA
"SurvivalBART",2000,100,70,7004026,2.0280749797821,NA
"SurvivalDART",2000,100,70,7004026,1.90389204025269,NA
"HorseTrees",2000,100,70,7004026,1.74743509292603,NA
"BART::mc.abart",2000,100,70,7004026,20.3552520275116,NA
"SurvivalBART",2000,100,71,7104026,2.10861206054688,NA
"SurvivalDART",2000,100,71,7104026,2.36028718948364,NA
"HorseTrees",2000,100,71,7104026,2.3562741279602,NA
"BART::mc.abart",2000,100,71,7104026,17.4209420681,NA
"SurvivalBART",2000,100,72,7204026,2.27887105941772,NA
"SurvivalDART",2000,100,72,7204026,2.13999199867249,NA
"HorseTrees",2000,100,72,7204026,1.93114995956421,NA
"BART::mc.abart",2000,100,72,7204026,12.6522378921509,NA
"SurvivalBART",2000,100,73,7304026,2.17397212982178,NA
"SurvivalDART",2000,100,73,7304026,2.19549202919006,NA
"HorseTrees",2000,100,73,7304026,1.94119811058044,NA
"BART::mc.abart",2000,100,73,7304026,14.9460570812225,NA
"SurvivalBART",2000,100,74,7404026,1.94163203239441,NA
"SurvivalDART",2000,100,74,7404026,2.02777099609375,NA
"HorseTrees",2000,100,74,7404026,2.11512494087219,NA
"BART::mc.abart",2000,100,74,7404026,16.9362478256226,NA
"SurvivalBART",2000,100,75,7504026,3.29006505012512,NA
"SurvivalDART",2000,100,75,7504026,2.16049003601074,NA
"HorseTrees",2000,100,75,7504026,1.73673105239868,NA
"BART::mc.abart",2000,100,75,7504026,16.4045658111572,NA
"SurvivalBART",2000,100,76,7604026,2.05982303619385,NA
"SurvivalDART",2000,100,76,7604026,2.35192608833313,NA
"HorseTrees",2000,100,76,7604026,3.08549380302429,NA
"BART::mc.abart",2000,100,76,7604026,23.8396270275116,NA
"SurvivalBART",2000,100,77,7704026,1.91135811805725,NA
"SurvivalDART",2000,100,77,7704026,2.0735878944397,NA
"HorseTrees",2000,100,77,7704026,1.85106587409973,NA
"BART::mc.abart",2000,100,77,7704026,17.1681268215179,NA
"SurvivalBART",2000,100,78,7804026,2.22030806541443,NA
"SurvivalDART",2000,100,78,7804026,2.46065902709961,NA
"HorseTrees",2000,100,78,7804026,2.76907587051392,NA
"BART::mc.abart",2000,100,78,7804026,27.6408269405365,NA
"SurvivalBART",2000,100,79,7904026,2.24345707893372,NA
"SurvivalDART",2000,100,79,7904026,2.21414303779602,NA
"HorseTrees",2000,100,79,7904026,1.80663990974426,NA
"BART::mc.abart",2000,100,79,7904026,13.4062089920044,NA
"SurvivalBART",2000,100,80,8004026,1.98427820205688,NA
"SurvivalDART",2000,100,80,8004026,1.90609288215637,NA
"HorseTrees",2000,100,80,8004026,1.66712093353271,NA
"BART::mc.abart",2000,100,80,8004026,14.0340089797974,NA
"SurvivalBART",2000,100,81,8104026,1.88328695297241,NA
"SurvivalDART",2000,100,81,8104026,1.98712992668152,NA
"HorseTrees",2000,100,81,8104026,1.80530691146851,NA
"BART::mc.abart",2000,100,81,8104026,12.7412850856781,NA
"SurvivalBART",2000,100,82,8204026,1.92520880699158,NA
"SurvivalDART",2000,100,82,8204026,1.81290102005005,NA
"HorseTrees",2000,100,82,8204026,1.75697493553162,NA
"BART::mc.abart",2000,100,82,8204026,11.1781668663025,NA
"SurvivalBART",2000,100,83,8304026,1.99927091598511,NA
"SurvivalDART",2000,100,83,8304026,1.99320483207703,NA
"HorseTrees",2000,100,83,8304026,1.68516707420349,NA
"BART::mc.abart",2000,100,83,8304026,11.4683032035828,NA
"SurvivalBART",2000,100,84,8404026,2.08335900306702,NA
"SurvivalDART",2000,100,84,8404026,1.91088390350342,NA
"HorseTrees",2000,100,84,8404026,1.839998960495,NA
"BART::mc.abart",2000,100,84,8404026,12.5064170360565,NA
"SurvivalBART",2000,100,85,8504026,1.97208213806152,NA
"SurvivalDART",2000,100,85,8504026,1.76337790489197,NA
"HorseTrees",2000,100,85,8504026,1.68212580680847,NA
"BART::mc.abart",2000,100,85,8504026,10.4153079986572,NA
"SurvivalBART",2000,100,86,8604026,2.0982940196991,NA
"SurvivalDART",2000,100,86,8604026,2.04929995536804,NA
"HorseTrees",2000,100,86,8604026,2.19333791732788,NA
"BART::mc.abart",2000,100,86,8604026,30.729761838913,NA
"SurvivalBART",2000,100,87,8704026,3.03656601905823,NA
"SurvivalDART",2000,100,87,8704026,2.48501896858215,NA
"HorseTrees",2000,100,87,8704026,2.05811214447021,NA
"BART::mc.abart",2000,100,87,8704026,19.0109310150146,NA
"SurvivalBART",2000,100,88,8804026,2.1083779335022,NA
"SurvivalDART",2000,100,88,8804026,1.89834809303284,NA
"HorseTrees",2000,100,88,8804026,1.67591190338135,NA
"BART::mc.abart",2000,100,88,8804026,13.649530172348,NA
"SurvivalBART",2000,100,89,8904026,1.92879700660706,NA
"SurvivalDART",2000,100,89,8904026,1.93835115432739,NA
"HorseTrees",2000,100,89,8904026,2.03074812889099,NA
"BART::mc.abart",2000,100,89,8904026,12.1697587966919,NA
"SurvivalBART",2000,100,90,9004026,1.93855690956116,NA
"SurvivalDART",2000,100,90,9004026,1.83668279647827,NA
"HorseTrees",2000,100,90,9004026,1.65703511238098,NA
"BART::mc.abart",2000,100,90,9004026,12.8009560108185,NA
"SurvivalBART",2000,100,91,9104026,1.84142994880676,NA
"SurvivalDART",2000,100,91,9104026,1.91967511177063,NA
"HorseTrees",2000,100,91,9104026,1.67190289497375,NA
"BART::mc.abart",2000,100,91,9104026,11.524560213089,NA
"SurvivalBART",2000,100,92,9204026,1.85930895805359,NA
"SurvivalDART",2000,100,92,9204026,1.88918089866638,NA
"HorseTrees",2000,100,92,9204026,1.65799713134766,NA
"BART::mc.abart",2000,100,92,9204026,12.1973428726196,NA
"SurvivalBART",2000,100,93,9304026,1.85283994674683,NA
"SurvivalDART",2000,100,93,9304026,1.86938190460205,NA
"HorseTrees",2000,100,93,9304026,1.63506603240967,NA
"BART::mc.abart",2000,100,93,9304026,11.1705210208893,NA
"SurvivalBART",2000,100,94,9404026,1.8431499004364,NA
"SurvivalDART",2000,100,94,9404026,1.85305500030518,NA
"HorseTrees",2000,100,94,9404026,1.602205991745,NA
"BART::mc.abart",2000,100,94,9404026,12.2049281597137,NA
"SurvivalBART",2000,100,95,9504026,1.91098403930664,NA
"SurvivalDART",2000,100,95,9504026,1.85155391693115,NA
"HorseTrees",2000,100,95,9504026,1.66936492919922,NA
"BART::mc.abart",2000,100,95,9504026,10.6415061950684,NA
"SurvivalBART",2000,100,96,9604026,1.94139194488525,NA
"SurvivalDART",2000,100,96,9604026,1.78596615791321,NA
"HorseTrees",2000,100,96,9604026,1.63306403160095,NA
"BART::mc.abart",2000,100,96,9604026,11.4011039733887,NA
"SurvivalBART",2000,100,97,9704026,2.18809413909912,NA
"SurvivalDART",2000,100,97,9704026,1.92259407043457,NA
"HorseTrees",2000,100,97,9704026,1.76092314720154,NA
"BART::mc.abart",2000,100,97,9704026,12.3771920204163,NA
"SurvivalBART",2000,100,98,9804026,2.02389907836914,NA
"SurvivalDART",2000,100,98,9804026,1.88685917854309,NA
"HorseTrees",2000,100,98,9804026,1.683669090271,NA
"BART::mc.abart",2000,100,98,9804026,12.8767011165619,NA
"SurvivalBART",2000,100,99,9904026,2.97087216377258,NA
"SurvivalDART",2000,100,99,9904026,2.70620489120483,NA
"HorseTrees",2000,100,99,9904026,1.96576809883118,NA
"BART::mc.abart",2000,100,99,9904026,21.8545141220093,NA
"SurvivalBART",2000,100,100,10004026,2.04782390594482,NA
"SurvivalDART",2000,100,100,10004026,2.12021207809448,NA
"HorseTrees",2000,100,100,10004026,1.7245728969574,NA
"BART::mc.abart",2000,100,100,10004026,15.7208650112152,NA
